date,post_number,ohlc,dollar_volume,weekday,target
2009-12-09,7.0,36050.0,0.0,2,0.0
2009-12-10,1.0,34000.0,0.0,3,0.0
2009-12-11,2.0,23500.0,0.0,4,0.0
2009-12-14,0.0,25000.0,0.0,0,0.0
2009-12-15,0.0,19500.0,0.0,1,0.0
2009-12-16,0.0,23000.0,0.0,2,0.0
2009-12-17,0.0,18000.0,0.0,3,0.0
2009-12-18,0.0,22000.0,0.0,4,0.0
2009-12-21,0.0,0.0,0.0,0,0.0
2009-12-22,1.0,16000.0,0.0,1,0.0
2009-12-23,0.0,14000.0,0.0,2,0.0
2009-12-24,0.0,0.0,0.0,3,0.0
2009-12-25,0.0,0.0,0.0,4,0.0
2009-12-28,0.0,16100.0,0.0,0,0.0
2009-12-29,0.0,15000.0,0.0,1,0.0
2009-12-30,0.0,0.0,0.0,2,0.0
2009-12-31,0.0,15000.0,0.0,3,0.0
2010-01-01,0.0,0.0,0.0,4,0.0
2010-01-04,0.0,22000.0,0.0,0,0.0
2010-01-05,0.0,18500.0,0.0,1,0.0
2010-01-06,0.0,0.0,0.0,2,0.0
2010-01-07,0.0,0.0,0.0,3,0.0
2010-01-08,0.0,0.0,0.0,4,0.0
2010-01-11,0.0,0.0,0.0,0,0.0
2010-01-12,4.0,0.0,0.0,1,0.0
2010-01-13,0.0,0.0,0.0,2,0.0
2010-01-14,0.0,18000.0,0.0,3,0.0
2010-01-15,0.0,18000.0,0.0,4,0.0
2010-01-18,0.0,0.0,0.0,0,0.0
2010-01-19,0.0,0.0,0.0,1,0.0
2010-01-20,0.0,0.0,0.0,2,0.0
2010-01-21,0.0,20000.0,0.0,3,0.0
2010-01-22,0.0,0.0,0.0,4,0.0
2010-01-25,0.0,0.0,0.0,0,0.0
2010-01-26,0.0,16000.0,0.0,1,0.0
2010-01-27,0.0,20000.0,0.0,2,0.0
2010-01-28,3.0,19400.0,0.0,3,0.0
2010-01-29,0.0,22000.0,0.0,4,0.0
2010-02-01,0.0,19000.0,0.0,0,0.0
2010-02-02,0.0,0.0,0.0,1,0.0
2010-02-03,0.0,0.0,0.0,2,0.0
2010-02-04,0.0,18000.0,0.0,3,0.0
2010-02-05,0.0,0.0,0.0,4,0.0
2010-02-08,0.0,19500.0,0.0,0,0.0
2010-02-09,0.0,0.0,0.0,1,0.0
2010-02-10,1.0,0.0,0.0,2,0.0
2010-02-11,1.0,14000.0,0.0,3,0.0
2010-02-12,0.0,0.0,0.0,4,0.0
2010-02-15,0.0,0.0,0.0,0,0.0
2010-02-16,0.0,0.0,0.0,1,0.0
2010-02-17,0.0,0.0,0.0,2,0.0
2010-02-18,0.0,0.0,0.0,3,0.0
2010-02-19,0.0,0.0,0.0,4,0.0
2010-02-22,0.0,0.0,0.0,0,0.0
2010-02-23,0.0,0.0,0.0,1,0.0
2010-02-24,0.0,0.0,0.0,2,0.0
2010-02-25,4.0,33900.0,0.0,3,0.0
2010-02-26,0.0,0.0,0.0,4,0.0
2010-03-01,0.0,0.0,0.0,0,0.0
2010-03-02,0.0,0.0,0.0,1,0.0
2010-03-03,0.0,0.0,0.0,2,0.0
2010-03-04,0.0,30000.0,0.0,3,0.0
2010-03-05,0.0,40000.0,0.0,4,0.0
2010-03-08,0.0,28000.0,0.0,0,0.0
2010-03-09,0.0,40000.0,0.0,1,0.0
2010-03-10,0.0,0.0,0.0,2,0.0
2010-03-11,1.0,0.0,0.0,3,0.0
2010-03-12,0.0,0.0,0.0,4,0.0
2010-03-15,0.0,30500.0,0.0,0,0.0
2010-03-16,0.0,0.0,0.0,1,0.0
2010-03-17,0.0,38000.0,0.0,2,0.0
2010-03-18,0.0,0.0,0.0,3,0.0
2010-03-19,0.0,38500.0,0.0,4,0.0
2010-03-22,1.0,42000.0,0.0,0,0.0
2010-03-23,4.0,46250.0,0.0,1,0.0
2010-03-24,4.0,38495.0,0.0,2,0.0
2010-03-25,1.0,36000.0,0.0,3,0.0
2010-03-26,0.0,0.0,0.0,4,0.0
2010-03-29,1.0,0.0,0.0,0,0.0
2010-03-30,3.0,41980.0,0.0,1,0.0
2010-03-31,2.0,39000.0,0.0,2,0.0
2010-04-01,4.0,43960.0,0.0,3,0.0
2010-04-02,0.0,0.0,0.0,4,0.0
2010-04-05,1.0,40990.0,0.0,0,0.0
2010-04-06,3.0,42500.0,0.0,1,0.0
2010-04-07,1.0,37000.0,0.0,2,0.0
2010-04-08,0.0,36990.0,0.0,3,0.0
2010-04-09,0.0,36000.0,0.0,4,0.0
2010-04-12,0.0,35720.0,0.0,0,0.0
2010-04-13,0.0,32850.0,0.0,1,0.0
2010-04-14,1.0,30000.0,0.0,2,0.0
2010-04-15,0.0,32000.0,0.0,3,0.0
2010-04-16,0.0,34000.0,0.0,4,0.0
2010-04-19,0.0,28200.0,0.0,0,0.0
2010-04-20,0.0,30000.0,0.0,1,0.0
2010-04-21,1.0,34000.0,0.0,2,0.0
2010-04-22,0.0,34000.0,0.0,3,0.0
2010-04-23,0.0,32250.0,0.0,4,0.0
2010-04-26,0.0,34000.0,0.0,0,0.0
2010-04-27,0.0,0.0,0.0,1,0.0
2010-04-28,0.0,30000.0,0.0,2,0.0
2010-04-29,0.0,30750.0,0.0,3,0.0
2010-04-30,0.0,32000.0,0.0,4,0.0
2010-05-03,0.0,31000.0,0.0,0,0.0
2010-05-04,0.0,29000.0,0.0,1,0.0
2010-05-05,0.0,30000.0,0.0,2,0.0
2010-05-06,0.0,32000.0,0.0,3,0.0
2010-05-07,0.0,32000.0,0.0,4,0.0
2010-05-10,0.0,28000.0,0.0,0,0.0
2010-05-11,0.0,32000.0,0.0,1,0.0
2010-05-12,0.0,32500.0,0.0,2,0.0
2010-05-13,1.0,36500.0,0.0,3,0.0
2010-05-14,2.0,44000.0,0.0,4,0.0
2010-05-17,1.0,51000.0,0.0,0,0.0
2010-05-18,0.0,47500.0,0.0,1,0.0
2010-05-19,0.0,48500.0,0.0,2,0.0
2010-05-20,0.0,45755.0,0.0,3,0.0
2010-05-21,0.0,46750.0,0.0,4,0.0
2010-05-24,0.0,43000.0,0.0,0,0.0
2010-05-25,0.0,42000.0,0.0,1,0.0
2010-05-26,0.0,41000.0,0.0,2,0.0
2010-05-27,0.0,38000.0,0.0,3,0.0
2010-05-28,0.0,0.0,0.0,4,0.0
2010-05-31,0.0,0.0,0.0,0,0.0
2010-06-01,0.0,42000.0,0.0,1,0.0
2010-06-02,0.0,42000.0,0.0,2,0.0
2010-06-03,0.0,39000.0,0.0,3,0.0
2010-06-04,0.0,37500.0,0.0,4,0.0
2010-06-07,0.0,38000.0,0.0,0,0.0
2010-06-08,0.0,38000.0,0.0,1,0.0
2010-06-09,0.0,40000.0,0.0,2,0.0
2010-06-10,0.0,37250.0,0.0,3,0.0
2010-06-11,0.0,38000.0,0.0,4,0.0
2010-06-14,0.0,40000.0,0.0,0,0.0
2010-06-15,0.0,39000.0,0.0,1,0.0
2010-06-16,0.0,38000.0,0.0,2,0.0
2010-06-17,0.0,0.0,0.0,3,0.0
2010-06-18,0.0,41000.0,0.0,4,0.0
2010-06-21,0.0,40000.0,0.0,0,0.0
2010-06-22,0.0,40000.0,0.0,1,0.0
2010-06-23,0.0,40000.0,0.0,2,0.0
2010-06-24,0.0,38500.0,0.0,3,0.0
2010-06-25,0.0,0.0,0.0,4,0.0
2010-06-28,0.0,38500.0,0.0,0,0.0
2010-06-29,0.0,38000.0,0.0,1,0.0
2010-06-30,0.0,40000.0,0.0,2,0.0
2010-07-01,0.0,39500.0,0.0,3,0.0
2010-07-02,0.0,43000.0,0.0,4,0.0
2010-07-05,0.0,0.0,0.0,0,0.0
2010-07-06,0.0,43000.0,0.0,1,0.0
2010-07-07,0.0,44000.0,0.0,2,0.0
2010-07-08,0.0,44000.0,0.0,3,0.0
2010-07-09,0.0,40000.0,0.0,4,0.0
2010-07-12,0.0,40000.0,0.0,0,0.0
2010-07-13,0.0,36000.0,0.0,1,0.0
2010-07-14,0.0,36000.0,0.0,2,0.0
2010-07-15,0.0,41000.0,0.0,3,0.0
2010-07-16,0.0,0.0,0.0,4,0.0
2010-07-19,1.0,38495.0,0.0,0,0.0
2010-07-20,0.0,40000.0,0.0,1,0.0
2010-07-21,0.0,46000.0,0.0,2,0.0
2010-07-22,0.0,46000.0,0.0,3,0.0
2010-07-23,0.0,46000.0,0.0,4,0.0
2010-07-26,0.0,48500.0,0.0,0,0.0
2010-07-27,0.0,47000.0,0.0,1,0.0
2010-07-28,0.0,49990.0,0.0,2,0.0
2010-07-29,0.0,47000.0,0.0,3,0.0
2010-07-30,0.0,48500.0,0.0,4,0.0
2010-08-02,0.0,47005.0,0.0,0,0.0
2010-08-03,0.0,46000.0,0.0,1,0.0
2010-08-04,0.0,46505.0,0.0,2,0.0
2010-08-05,0.0,50000.0,0.0,3,0.0
2010-08-06,0.0,48000.0,0.0,4,0.0
2010-08-09,0.0,48000.0,0.0,0,0.0
2010-08-10,0.0,48000.0,0.0,1,0.0
2010-08-11,0.0,49000.0,0.0,2,0.0
2010-08-12,0.0,50000.0,0.0,3,0.0
2010-08-13,0.0,46000.0,0.0,4,0.0
2010-08-16,0.0,44000.0,0.0,0,0.0
2010-08-17,0.0,46000.0,0.0,1,0.0
2010-08-18,0.0,48000.0,0.0,2,0.0
2010-08-19,0.0,47750.0,0.0,3,0.0
2010-08-20,0.0,49000.0,0.0,4,0.0
2010-08-23,0.0,51000.0,0.0,0,0.0
2010-08-24,0.0,45000.0,0.0,1,0.0
2010-08-25,0.0,48750.0,0.0,2,0.0
2010-08-26,0.0,51000.0,0.0,3,0.0
2010-08-27,0.0,48500.0,0.0,4,0.0
2010-08-30,0.0,48000.0,0.0,0,0.0
2010-08-31,0.0,48000.0,0.0,1,0.0
2010-09-01,0.0,50500.0,0.0,2,0.0
2010-09-02,0.0,53000.0,0.0,3,0.0
2010-09-03,0.0,53000.0,0.0,4,0.0
2010-09-06,0.0,0.0,0.0,0,0.0
2010-09-07,0.0,56000.0,0.0,1,0.0
2010-09-08,0.0,62500.0,0.0,2,0.0
2010-09-09,0.0,63000.0,0.0,3,0.0
2010-09-10,0.0,64000.0,0.0,4,0.0
2010-09-13,0.0,63500.0,0.0,0,0.0
2010-09-14,0.0,77500.0,0.0,1,0.0
2010-09-15,0.0,68000.0,0.0,2,0.0
2010-09-16,4.0,67500.0,0.0,3,0.0
2010-09-17,0.0,68000.0,0.0,4,0.0
2010-09-20,1.0,69000.0,0.0,0,0.0
2010-09-21,0.0,67000.0,0.0,1,0.0
2010-09-22,0.0,66000.0,0.0,2,0.0
2010-09-23,0.0,68000.0,0.0,3,0.0
2010-09-24,0.0,66500.0,0.0,4,0.0
2010-09-27,0.0,66000.0,0.0,0,0.0
2010-09-28,0.0,64500.0,0.0,1,0.0
2010-09-29,1.0,68000.0,0.0,2,0.0
2010-09-30,0.0,63000.0,0.0,3,0.0
2010-10-01,0.0,66000.0,0.0,4,0.0
2010-10-04,0.0,62000.0,0.0,0,0.0
2010-10-05,0.0,62000.0,0.0,1,0.0
2010-10-06,0.0,65000.0,0.0,2,0.0
2010-10-07,0.0,59500.0,0.0,3,0.0
2010-10-08,0.0,60000.0,0.0,4,0.0
2010-10-11,0.0,52000.0,0.0,0,0.0
2010-10-12,0.0,48000.0,0.0,1,0.0
2010-10-13,0.0,47500.0,0.0,2,0.0
2010-10-14,0.0,49000.0,0.0,3,0.0
2010-10-15,0.0,0.0,0.0,4,0.0
2010-10-18,0.0,42500.0,0.0,0,0.0
2010-10-19,0.0,39000.0,0.0,1,0.0
2010-10-20,0.0,43500.0,0.0,2,0.0
2010-10-21,0.0,47000.0,0.0,3,0.0
2010-10-22,0.0,37000.0,0.0,4,0.0
2010-10-25,0.0,38000.0,0.0,0,0.0
2010-10-26,0.0,36000.0,0.0,1,0.0
2010-10-27,0.0,37500.0,0.0,2,0.0
2010-10-28,0.0,36000.0,0.0,3,0.0
2010-10-29,0.0,32000.0,0.0,4,0.0
2010-11-01,0.0,26000.0,0.0,0,0.0
2010-11-02,0.0,26000.0,0.0,1,0.0
2010-11-03,0.0,26000.0,0.0,2,0.0
2010-11-04,0.0,27000.0,0.0,3,0.0
2010-11-05,0.0,25000.0,0.0,4,0.0
2010-11-08,0.0,27750.0,0.0,0,0.0
2010-11-09,0.0,0.0,0.0,1,0.0
2010-11-10,0.0,23000.0,0.0,2,0.0
2010-11-11,0.0,23000.0,0.0,3,0.0
2010-11-12,0.0,20750.0,0.0,4,0.0
2010-11-15,0.0,20750.0,0.0,0,0.0
2010-11-16,0.0,24000.0,0.0,1,0.0
2010-11-17,0.0,21600.0,0.0,2,0.0
2010-11-18,0.0,0.0,0.0,3,0.0
2010-11-19,0.0,20500.0,0.0,4,0.0
2010-11-22,0.0,19150.0,0.0,0,0.0
2010-11-23,0.0,19550.0,0.0,1,0.0
2010-11-24,0.0,20000.0,0.0,2,0.0
2010-11-25,0.0,0.0,0.0,3,0.0
2010-11-26,0.0,20000.0,0.0,4,0.0
2010-11-29,0.0,19500.0,0.0,0,0.0
2010-11-30,0.0,20000.0,0.0,1,0.0
2010-12-01,1.0,20000.0,0.0,2,0.0
2010-12-02,0.0,20000.0,0.0,3,0.0
2010-12-03,0.0,19500.0,0.0,4,0.0
2010-12-06,0.0,20000.0,0.0,0,0.0
2010-12-07,0.0,20000.0,0.0,1,0.0
2010-12-08,0.0,20000.0,0.0,2,0.0
2010-12-09,0.0,20000.0,0.0,3,0.0
2010-12-10,0.0,16500.0,0.0,4,0.0
2010-12-13,0.0,18500.0,0.0,0,0.0
2010-12-14,0.0,19500.0,0.0,1,0.0
2010-12-15,0.0,19950.0,0.0,2,0.0
2010-12-16,0.0,0.0,0.0,3,0.0
2010-12-17,0.0,24000.0,0.0,4,0.0
2010-12-20,0.0,25500.0,0.0,0,0.0
2010-12-21,0.0,27750.0,0.0,1,0.0
2010-12-22,0.0,34000.0,0.0,2,0.0
2010-12-23,0.0,34000.0,0.0,3,0.0
2010-12-24,0.0,0.0,0.0,4,0.0
2010-12-27,0.0,32750.0,0.0,0,0.0
2010-12-28,0.0,31750.0,0.0,1,0.0
2010-12-29,0.0,32000.0,0.0,2,0.0
2010-12-30,0.0,33000.0,0.0,3,0.0
2010-12-31,0.0,27250.0,0.0,4,0.0
2011-01-03,0.0,32500.0,0.0,0,0.0
2011-01-04,0.0,31500.0,0.0,1,0.0
2011-01-05,0.0,30000.0,0.0,2,0.0
2011-01-06,0.0,29000.0,0.0,3,0.0
2011-01-07,0.0,31000.0,0.0,4,0.0
2011-01-10,0.0,32000.0,0.0,0,0.0
2011-01-11,0.0,32000.0,0.0,1,0.0
2011-01-12,0.0,32000.0,0.0,2,0.0
2011-01-13,0.0,32000.0,0.0,3,0.0
2011-01-14,0.0,32500.0,0.0,4,0.0
2011-01-17,0.0,0.0,0.0,0,0.0
2011-01-18,0.0,29500.0,0.0,1,0.0
2011-01-19,0.0,31750.0,0.0,2,0.0
2011-01-20,0.0,29000.0,0.0,3,0.0
2011-01-21,0.0,24500.0,0.0,4,0.0
2011-01-24,0.0,26500.0,0.0,0,0.0
2011-01-25,0.0,27000.0,0.0,1,0.0
2011-01-26,0.0,0.0,0.0,2,0.0
2011-01-27,0.0,28000.0,0.0,3,0.0
2011-01-28,0.0,0.0,0.0,4,0.0
2011-01-31,0.0,25000.0,0.0,0,0.0
2011-02-01,0.0,24000.0,0.0,1,0.0
2011-02-02,0.0,26000.0,0.0,2,0.0
2011-02-03,0.0,23000.0,0.0,3,0.0
2011-02-04,0.0,24000.0,0.0,4,0.0
2011-02-07,0.0,21500.0,0.0,0,0.0
2011-02-08,0.0,25000.0,0.0,1,0.0
2011-02-09,0.0,27000.0,0.0,2,0.0
2011-02-10,0.0,0.0,0.0,3,0.0
2011-02-11,0.0,28000.0,0.0,4,0.0
2011-02-14,0.0,0.0,0.0,0,0.0
2011-02-15,0.0,26000.0,0.0,1,0.0
2011-02-16,0.0,25000.0,0.0,2,0.0
2011-02-17,0.0,26000.0,0.0,3,0.0
2011-02-18,0.0,26000.0,0.0,4,0.0
2011-02-21,0.0,0.0,0.0,0,0.0
2011-02-22,0.0,27000.0,0.0,1,0.0
2011-02-23,0.0,0.0,0.0,2,0.0
2011-02-24,0.0,27000.0,0.0,3,0.0
2011-02-25,0.0,27000.0,0.0,4,0.0
2011-02-28,0.0,23000.0,0.0,0,0.0
2011-03-01,0.0,24000.0,0.0,1,0.0
2011-03-02,0.0,0.0,0.0,2,0.0
2011-03-03,0.0,29000.0,0.0,3,0.0
2011-03-04,0.0,32000.0,0.0,4,0.0
2011-03-07,0.0,29500.0,0.0,0,0.0
2011-03-08,0.0,30000.0,0.0,1,0.0
2011-03-09,0.0,28000.0,0.0,2,0.0
2011-03-10,0.0,26000.0,0.0,3,0.0
2011-03-11,0.0,23250.0,0.0,4,0.0
2011-03-14,1.0,26000.0,0.0,0,0.0
2011-03-15,1.0,25000.0,0.0,1,0.0
2011-03-16,0.0,27000.0,0.0,2,0.0
2011-03-17,0.0,29000.0,0.0,3,0.0
2011-03-18,0.0,33500.0,0.0,4,0.0
2011-03-21,0.0,36500.0,0.0,0,0.0
2011-03-22,0.0,39000.0,0.0,1,0.0
2011-03-23,0.0,46000.0,0.0,2,0.0
2011-03-24,0.0,47500.0,0.0,3,0.0
2011-03-25,0.0,52500.0,0.0,4,0.0
2011-03-28,0.0,52000.0,0.0,0,0.0
2011-03-29,0.0,46000.0,0.0,1,0.0
2011-03-30,0.0,47500.0,0.0,2,0.0
2011-03-31,0.0,43500.0,0.0,3,0.0
2011-04-01,0.0,46000.0,0.0,4,0.0
2011-04-04,0.0,46550.0,0.0,0,0.0
2011-04-05,0.0,48200.0,0.0,1,0.0
2011-04-06,0.0,52000.0,0.0,2,0.0
2011-04-07,0.0,52100.0,0.0,3,0.0
2011-04-08,0.0,54000.0,0.0,4,0.0
2011-04-11,0.0,52000.0,0.0,0,0.0
2011-04-12,0.0,50000.0,0.0,1,0.0
2011-04-13,0.0,50100.0,0.0,2,0.0
2011-04-14,0.0,47000.0,0.0,3,0.0
2011-04-15,0.0,48000.0,0.0,4,0.0
2011-04-18,0.0,49000.0,0.0,0,0.0
2011-04-19,0.0,51000.0,0.0,1,0.0
2011-04-20,0.0,48500.0,0.0,2,0.0
2011-04-21,0.0,45000.0,0.0,3,0.0
2011-04-22,0.0,0.0,0.0,4,0.0
2011-04-25,0.0,52500.0,0.0,0,0.0
2011-04-26,0.0,44000.0,0.0,1,0.0
2011-04-27,0.0,45000.0,0.0,2,0.0
2011-04-28,0.0,46000.0,0.0,3,0.0
2011-04-29,0.0,0.0,0.0,4,0.0
2011-05-02,0.0,0.0,0.0,0,0.0
2011-05-03,0.0,39000.0,0.0,1,0.0
2011-05-04,0.0,42000.0,0.0,2,0.0
2011-05-05,0.0,46000.0,0.0,3,0.0
2011-05-06,0.0,51000.0,0.0,4,0.0
2011-05-09,0.0,50000.0,0.0,0,0.0
2011-05-10,0.0,48500.0,0.0,1,0.0
2011-05-11,0.0,0.0,0.0,2,0.0
2011-05-12,0.0,0.0,0.0,3,0.0
2011-05-13,0.0,48000.0,0.0,4,0.0
2011-05-16,0.0,40000.0,0.0,0,0.0
2011-05-17,0.0,0.0,0.0,1,0.0
2011-05-18,0.0,40000.0,0.0,2,0.0
2011-05-19,0.0,42000.0,0.0,3,0.0
2011-05-20,0.0,46000.0,0.0,4,0.0
2011-05-23,0.0,0.0,0.0,0,0.0
2011-05-24,0.0,0.0,0.0,1,0.0
2011-05-25,0.0,0.0,0.0,2,0.0
2011-05-26,0.0,42000.0,0.0,3,0.0
2011-05-27,0.0,39000.0,0.0,4,0.0
2011-05-30,0.0,0.0,0.0,0,0.0
2011-05-31,0.0,39000.0,0.0,1,0.0
2011-06-01,0.0,35000.0,0.0,2,0.0
2011-06-02,0.0,40500.0,0.0,3,0.0
2011-06-03,0.0,40000.0,0.0,4,0.0
2011-06-06,0.0,0.0,0.0,0,0.0
2011-06-07,0.0,37250.0,0.0,1,0.0
2011-06-08,0.0,35000.0,0.0,2,0.0
2011-06-09,0.0,36000.0,0.0,3,0.0
2011-06-10,0.0,0.0,0.0,4,0.0
2011-06-13,0.0,0.0,0.0,0,0.0
2011-06-14,0.0,0.0,0.0,1,0.0
2011-06-15,0.0,0.0,0.0,2,0.0
2011-06-16,0.0,0.0,0.0,3,0.0
2011-06-17,0.0,32000.0,0.0,4,0.0
2011-06-20,0.0,36000.0,0.0,0,0.0
2011-06-21,0.0,38000.0,0.0,1,0.0
2011-06-22,0.0,36000.0,0.0,2,0.0
2011-06-23,0.0,34000.0,0.0,3,0.0
2011-06-24,0.0,34000.0,0.0,4,0.0
2011-06-27,0.0,0.0,0.0,0,0.0
2011-06-28,0.0,34000.0,0.0,1,0.0
2011-06-29,0.0,32000.0,0.0,2,0.0
2011-06-30,0.0,32000.0,0.0,3,0.0
2011-07-01,0.0,32500.0,0.0,4,0.0
2011-07-04,0.0,0.0,0.0,0,0.0
2011-07-05,0.0,35500.0,0.0,1,0.0
2011-07-06,0.0,37000.0,0.0,2,0.0
2011-07-07,0.0,35500.0,0.0,3,0.0
2011-07-08,0.0,35000.0,0.0,4,0.0
2011-07-11,0.0,35000.0,0.0,0,0.0
2011-07-12,0.0,34000.0,0.0,1,0.0
2011-07-13,0.0,0.0,0.0,2,0.0
2011-07-14,1.0,0.0,0.0,3,0.0
2011-07-15,0.0,30500.0,0.0,4,0.0
2011-07-18,0.0,30000.0,0.0,0,0.0
2011-07-19,0.0,0.0,0.0,1,0.0
2011-07-20,0.0,30000.0,0.0,2,0.0
2011-07-21,0.0,29000.0,0.0,3,0.0
2011-07-22,0.0,30000.0,0.0,4,0.0
2011-07-25,0.0,30000.0,0.0,0,0.0
2011-07-26,0.0,0.0,0.0,1,0.0
2011-07-27,0.0,28000.0,0.0,2,0.0
2011-07-28,0.0,28000.0,0.0,3,0.0
2011-07-29,0.0,27000.0,0.0,4,0.0
2011-08-01,0.0,27250.0,0.0,0,0.0
2011-08-02,0.0,27700.0,0.0,1,0.0
2011-08-03,0.0,29000.0,0.0,2,0.0
2011-08-04,0.0,29000.0,0.0,3,0.0
2011-08-05,0.0,24000.0,0.0,4,0.0
2011-08-08,0.0,24500.0,0.0,0,0.0
2011-08-09,0.0,26000.0,0.0,1,0.0
2011-08-10,0.0,29000.0,0.0,2,0.0
2011-08-11,0.0,28000.0,0.0,3,0.0
2011-08-12,0.0,28000.0,0.0,4,0.0
2011-08-15,0.0,30000.0,0.0,0,0.0
2011-08-16,0.0,29000.0,0.0,1,0.0
2011-08-17,0.0,0.0,0.0,2,0.0
2011-08-18,0.0,24000.0,0.0,3,0.0
2011-08-19,0.0,24000.0,0.0,4,0.0
2011-08-22,0.0,24000.0,0.0,0,0.0
2011-08-23,0.0,20000.0,0.0,1,0.0
2011-08-24,0.0,26000.0,0.0,2,0.0
2011-08-25,0.0,0.0,0.0,3,0.0
2011-08-26,0.0,24000.0,0.0,4,0.0
2011-08-29,0.0,24000.0,0.0,0,0.0
2011-08-30,0.0,0.0,0.0,1,0.0
2011-08-31,0.0,24000.0,0.0,2,0.0
2011-09-01,0.0,24000.0,0.0,3,0.0
2011-09-02,0.0,28000.0,0.0,4,0.0
2011-09-05,0.0,0.0,0.0,0,0.0
2011-09-06,0.0,21000.0,0.0,1,0.0
2011-09-07,0.0,20000.0,0.0,2,0.0
2011-09-08,0.0,0.0,0.0,3,0.0
2011-09-09,0.0,0.0,0.0,4,0.0
2011-09-12,0.0,28000.0,0.0,0,0.0
2011-09-13,0.0,0.0,0.0,1,0.0
2011-09-14,0.0,24000.0,0.0,2,0.0
2011-09-15,0.0,24000.0,0.0,3,0.0
2011-09-16,0.0,25000.0,0.0,4,0.0
2011-09-19,0.0,24000.0,0.0,0,0.0
2011-09-20,0.0,26000.0,0.0,1,0.0
2011-09-21,0.0,20750.0,0.0,2,0.0
2011-09-22,0.0,0.0,0.0,3,0.0
2011-09-23,0.0,20500.0,0.0,4,0.0
2011-09-26,0.0,20000.0,0.0,0,0.0
2011-09-27,0.0,23000.0,0.0,1,0.0
2011-09-28,0.0,0.0,0.0,2,0.0
2011-09-29,0.0,0.0,0.0,3,0.0
2011-09-30,0.0,20000.0,0.0,4,0.0
2011-10-03,0.0,20000.0,0.0,0,0.0
2011-10-04,0.0,0.0,0.0,1,0.0
2011-10-05,0.0,22000.0,0.0,2,0.0
2011-10-06,0.0,25000.0,0.0,3,0.0
2011-10-07,5.0,24500.0,0.0,4,0.0
2011-10-10,0.0,24000.0,0.0,0,0.0
2011-10-11,0.0,0.0,0.0,1,0.0
2011-10-12,0.0,0.0,0.0,2,0.0
2011-10-13,0.0,24250.0,0.0,3,0.0
2011-10-14,0.0,24250.0,0.0,4,0.0
2011-10-17,0.0,0.0,0.0,0,0.0
2011-10-18,0.0,19750.0,0.0,1,0.0
2011-10-19,0.0,17750.0,0.0,2,0.0
2011-10-20,0.0,21000.0,0.0,3,0.0
2011-10-21,0.0,0.0,0.0,4,0.0
2011-10-24,4.0,20000.0,0.0,0,0.0
2011-10-25,0.0,22000.0,0.0,1,0.0
2011-10-26,1.0,23000.0,0.0,2,0.0
2011-10-27,0.0,23000.0,0.0,3,0.0
2011-10-28,0.0,22000.0,0.0,4,0.0
2011-10-31,0.0,23000.0,0.0,0,0.0
2011-11-01,0.0,24000.0,0.0,1,0.0
2011-11-02,2.0,24000.0,0.0,2,0.0
2011-11-03,0.0,24000.0,0.0,3,0.0
2011-11-04,0.0,24000.0,0.0,4,0.0
2011-11-07,0.0,22000.0,0.0,0,0.0
2011-11-08,0.0,24000.0,0.0,1,0.0
2011-11-09,0.0,24000.0,0.0,2,0.0
2011-11-10,0.0,23500.0,0.0,3,0.0
2011-11-11,0.0,0.0,0.0,4,0.0
2011-11-14,0.0,20000.0,0.0,0,0.0
2011-11-15,0.0,22000.0,0.0,1,0.0
2011-11-16,0.0,20000.0,0.0,2,0.0
2011-11-17,0.0,0.0,0.0,3,0.0
2011-11-18,1.0,22000.0,0.0,4,0.0
2011-11-21,0.0,0.0,0.0,0,0.0
2011-11-22,0.0,0.0,0.0,1,0.0
2011-11-23,0.0,22000.0,0.0,2,0.0
2011-11-24,0.0,0.0,0.0,3,0.0
2011-11-25,0.0,20000.0,0.0,4,0.0
2011-11-28,0.0,18875.0,0.0,0,0.0
2011-11-29,0.0,18000.0,0.0,1,0.0
2011-11-30,0.0,19500.0,0.0,2,0.0
2011-12-01,0.0,0.0,0.0,3,0.0
2011-12-02,0.0,19800.0,0.0,4,0.0
2011-12-05,0.0,0.0,0.0,0,0.0
2011-12-06,0.0,19000.0,0.0,1,0.0
2011-12-07,0.0,19000.0,0.0,2,0.0
2011-12-08,0.0,0.0,0.0,3,0.0
2011-12-09,0.0,0.0,0.0,4,0.0
2011-12-12,0.0,19000.0,0.0,0,0.0
2011-12-13,0.0,0.0,0.0,1,0.0
2011-12-14,0.0,19000.0,0.0,2,0.0
2011-12-15,0.0,0.0,0.0,3,0.0
2011-12-16,0.0,0.0,0.0,4,0.0
2011-12-19,0.0,0.0,0.0,0,0.0
2011-12-20,0.0,14000.0,0.0,1,0.0
2011-12-21,0.0,20000.0,0.0,2,0.0
2011-12-22,0.0,16000.0,0.0,3,0.0
2011-12-23,0.0,16000.0,0.0,4,0.0
2011-12-26,0.0,0.0,0.0,0,0.0
2011-12-27,0.0,0.0,0.0,1,0.0
2011-12-28,0.0,0.0,0.0,2,0.0
2011-12-29,0.0,15000.0,0.0,3,0.0
2011-12-30,0.0,0.0,0.0,4,0.0
2012-01-02,0.0,0.0,0.0,0,0.0
2012-01-03,0.0,0.0,0.0,1,0.0
2012-01-04,0.0,0.0,0.0,2,0.0
2012-01-05,0.0,17000.0,0.0,3,0.0
2012-01-06,0.0,20000.0,0.0,4,0.0
2012-01-09,0.0,0.0,0.0,0,0.0
2012-01-10,0.0,20000.0,0.0,1,0.0
2012-01-11,0.0,0.0,0.0,2,0.0
2012-01-12,0.0,18000.0,0.0,3,0.0
2012-01-13,0.0,21000.0,0.0,4,0.0
2012-01-16,0.0,0.0,0.0,0,0.0
2012-01-17,0.0,0.0,0.0,1,0.0
2012-01-18,0.0,19500.0,0.0,2,0.0
2012-01-19,0.0,0.0,0.0,3,0.0
2012-01-20,5.0,20000.0,0.0,4,0.0
2012-01-23,0.0,21000.0,0.0,0,0.0
2012-01-24,1.0,22000.0,0.0,1,0.0
2012-01-25,4.0,20000.0,0.0,2,0.0
2012-01-26,4.0,0.0,0.0,3,0.0
2012-01-27,1.0,0.0,0.0,4,0.0
2012-01-30,0.0,0.0,0.0,0,0.0
2012-01-31,3.0,0.0,0.0,1,0.0
2012-02-01,0.0,17000.0,0.0,2,0.0
2012-02-02,3.0,19800.0,0.0,3,0.0
2012-02-03,0.0,19800.0,0.0,4,0.0
2012-02-06,0.0,19800.0,0.0,0,0.0
2012-02-07,1.0,18900.0,0.0,1,0.0
2012-02-08,2.0,19000.0,0.0,2,0.0
2012-02-09,0.0,18000.0,0.0,3,0.0
2012-02-10,0.0,19500.0,0.0,4,0.0
2012-02-13,0.0,20000.0,0.0,0,0.0
2012-02-14,0.0,0.0,0.0,1,0.0
2012-02-15,0.0,16000.0,0.0,2,0.0
2012-02-16,0.0,20000.0,0.0,3,0.0
2012-02-17,0.0,16950.0,0.0,4,0.0
2012-02-21,0.0,0.0,0.0,1,0.0
2012-02-22,0.0,0.0,0.0,2,0.0
2012-02-23,0.0,0.0,0.0,3,0.0
2012-02-24,0.0,19800.0,0.0,4,0.0
2012-02-27,0.0,19800.0,0.0,0,0.0
2012-02-28,2.0,16900.0,0.0,1,0.0
2012-02-29,0.0,14625.0,0.0,2,0.0
2012-03-01,0.0,0.0,0.0,3,0.0
2012-03-02,0.0,0.0,0.0,4,0.0
2012-03-05,0.0,0.0,0.0,0,0.0
2012-03-06,0.0,0.0,0.0,1,0.0
2012-03-07,0.0,16500.0,0.0,2,0.0
2012-03-08,1.0,17490.0,0.0,3,0.0
2012-03-09,1.0,17250.0,0.0,4,0.0
2012-03-12,0.0,18000.0,0.0,0,0.0
2012-03-13,0.0,19000.0,0.0,1,0.0
2012-03-14,0.0,19250.0,0.0,2,0.0
2012-03-15,0.0,19250.0,0.0,3,0.0
2012-03-16,0.0,19750.0,0.0,4,0.0
2012-03-19,0.0,19500.0,0.0,0,0.0
2012-03-20,0.0,17900.0,0.0,1,0.0
2012-03-21,0.0,19000.0,0.0,2,0.0
2012-03-22,0.0,19000.0,0.0,3,0.0
2012-03-23,0.0,18200.0,0.0,4,0.0
2012-03-26,0.0,16150.0,0.0,0,0.0
2012-03-27,0.0,19000.0,0.0,1,0.0
2012-03-28,0.0,15500.0,0.0,2,0.0
2012-03-29,0.0,14900.0,0.0,3,0.0
2012-03-30,0.0,18000.0,0.0,4,0.0
2012-04-02,0.0,17000.0,0.0,0,0.0
2012-04-03,0.0,18000.0,0.0,1,0.0
2012-04-04,0.0,0.0,0.0,2,0.0
2012-04-05,0.0,15050.0,0.0,3,0.0
2012-04-09,0.0,16750.0,0.0,0,0.0
2012-04-10,0.0,16000.0,0.0,1,0.0
2012-04-11,1.0,15000.0,0.0,2,0.0
2012-04-12,0.0,16000.0,0.0,3,0.0
2012-04-13,0.0,16000.0,0.0,4,0.0
2012-04-16,0.0,15500.0,0.0,0,0.0
2012-04-17,0.0,16000.0,0.0,1,0.0
2012-04-18,0.0,0.0,0.0,2,0.0
2012-04-19,0.0,16000.0,0.0,3,0.0
2012-04-20,0.0,0.0,0.0,4,0.0
2012-04-23,0.0,0.0,0.0,0,0.0
2012-04-24,0.0,14500.0,0.0,1,0.0
2012-04-25,1.0,14800.0,0.0,2,0.0
2012-04-26,0.0,15800.0,0.0,3,0.0
2012-04-27,0.0,0.0,0.0,4,0.0
2012-04-30,0.0,13000.0,0.0,0,0.0
2012-05-01,0.0,14000.0,0.0,1,0.0
2012-05-02,0.0,15000.0,0.0,2,0.0
2012-05-03,0.0,16000.0,0.0,3,0.0
2012-05-04,0.0,15750.0,0.0,4,0.0
2012-05-07,0.0,16500.0,0.0,0,0.0
2012-05-08,0.0,14000.0,0.0,1,0.0
2012-05-09,0.0,15000.0,0.0,2,0.0
2012-05-10,1.0,15760.0,0.0,3,0.0
2012-05-11,0.0,14000.0,0.0,4,0.0
2012-05-14,3.0,14500.0,0.0,0,0.0
2012-05-15,1.0,15500.0,0.0,1,0.0
2012-05-16,0.0,0.0,0.0,2,0.0
2012-05-17,1.0,15625.0,0.0,3,0.0
2012-05-18,0.0,14750.0,0.0,4,0.0
2012-05-21,0.0,14000.0,0.0,0,0.0
2012-05-22,0.0,0.0,0.0,1,0.0
2012-05-23,0.0,0.0,0.0,2,0.0
2012-05-24,0.0,16000.0,0.0,3,0.0
2012-05-25,0.0,16000.0,0.0,4,0.0
2012-05-29,0.0,0.0,0.0,1,0.0
2012-05-30,0.0,0.0,0.0,2,0.0
2012-05-31,0.0,0.0,0.0,3,0.0
2012-06-01,0.0,16000.0,0.0,4,0.0
2012-06-04,0.0,16000.0,0.0,0,0.0
2012-06-05,0.0,15000.0,0.0,1,0.0
2012-06-06,3.0,14000.0,0.0,2,0.0
2012-06-07,0.0,13000.0,0.0,3,0.0
2012-06-08,0.0,13000.0,0.0,4,0.0
2012-06-11,0.0,0.0,0.0,0,0.0
2012-06-12,0.0,16500.0,0.0,1,0.0
2012-06-13,0.0,18000.0,0.0,2,0.0
2012-06-14,0.0,18000.0,0.0,3,0.0
2012-06-15,0.0,18000.0,0.0,4,0.0
2012-06-18,0.0,16500.0,0.0,0,0.0
2012-06-19,0.0,0.0,0.0,1,0.0
2012-06-20,0.0,0.0,0.0,2,0.0
2012-06-21,0.0,15800.0,0.0,3,0.0
2012-06-22,0.0,13600.0,0.0,4,0.0
2012-06-25,0.0,13750.0,0.0,0,0.0
2012-06-26,0.0,13700.0,0.0,1,0.0
2012-06-27,0.0,13650.0,0.0,2,0.0
2012-06-28,0.0,17800.0,0.0,3,0.0
2012-06-29,0.0,13600.0,0.0,4,0.0
2012-07-02,0.0,14000.0,0.0,0,0.0
2012-07-03,1.0,14000.0,0.0,1,0.0
2012-07-05,0.0,14225.0,0.0,3,0.0
2012-07-06,0.0,15500.0,0.0,4,0.0
2012-07-09,0.0,15250.0,0.0,0,0.0
2012-07-10,0.0,15500.0,0.0,1,0.0
2012-07-11,0.0,15700.0,0.0,2,0.0
2012-07-12,0.0,14750.0,0.0,3,0.0
2012-07-13,0.0,13850.0,0.0,4,0.0
2012-07-16,1.0,13800.0,0.0,0,0.0
2012-07-17,1.0,13600.0,0.0,1,0.0
2012-07-18,0.0,13550.0,0.0,2,0.0
2012-07-19,0.0,13800.0,0.0,3,0.0
2012-07-20,0.0,14100.0,0.0,4,0.0
2012-07-23,0.0,14290.0,0.0,0,0.0
2012-07-24,0.0,0.0,0.0,1,0.0
2012-07-25,0.0,16500.0,0.0,2,0.0
2012-07-26,2.0,18930.0,0.0,3,0.0
2012-07-27,1.0,26165.0,26165.0,4,0.0
2012-07-30,0.0,25300.0,0.0,0,0.0
2012-07-31,0.0,27000.0,0.0,1,0.0
2012-08-01,0.0,30000.0,0.0,2,0.0
2012-08-02,0.0,34500.0,0.0,3,0.0
2012-08-03,0.0,33750.0,0.0,4,0.0
2012-08-06,0.0,32500.0,0.0,0,0.0
2012-08-07,1.0,34250.0,0.0,1,0.0
2012-08-08,0.0,34000.0,0.0,2,0.0
2012-08-09,0.0,34000.0,0.0,3,0.0
2012-08-10,1.0,34000.0,0.0,4,0.0
2012-08-13,0.0,37000.0,0.0,0,0.0
2012-08-14,0.0,34545.0,0.0,1,0.0
2012-08-15,0.0,35250.0,0.0,2,0.0
2012-08-16,0.0,37500.0,0.0,3,0.0
2012-08-17,0.0,35000.0,0.0,4,0.0
2012-08-20,0.0,26500.0,0.0,0,0.0
2012-08-21,0.0,34500.0,0.0,1,0.0
2012-08-22,0.0,34750.0,0.0,2,0.0
2012-08-23,0.0,34750.0,0.0,3,0.0
2012-08-24,0.0,34500.0,0.0,4,0.0
2012-08-27,0.0,32500.0,0.0,0,0.0
2012-08-28,0.0,28700.0,0.0,1,0.0
2012-08-29,0.0,29900.0,0.0,2,0.0
2012-08-30,0.0,30350.0,0.0,3,0.0
2012-08-31,0.0,28245.0,0.0,4,0.0
2012-09-04,0.0,27900.0,0.0,1,0.0
2012-09-05,0.0,28745.0,0.0,2,0.0
2012-09-06,0.0,27250.0,0.0,3,0.0
2012-09-07,0.0,29350.0,0.0,4,0.0
2012-09-10,0.0,30000.0,0.0,0,0.0
2012-09-11,0.0,31500.0,0.0,1,0.0
2012-09-12,0.0,34500.0,0.0,2,0.0
2012-09-13,0.0,36000.0,0.0,3,0.0
2012-09-14,0.0,34615.0,0.0,4,0.0
2012-09-17,0.0,33550.0,0.0,0,0.0
2012-09-18,0.0,35000.0,0.0,1,0.0
2012-09-19,0.0,32450.0,0.0,2,0.0
2012-09-20,0.0,30000.0,0.0,3,0.0
2012-09-21,0.0,31000.0,0.0,4,0.0
2012-09-24,0.0,33500.0,0.0,0,0.0
2012-09-25,0.0,32000.0,0.0,1,0.0
2012-09-26,0.0,33500.0,0.0,2,0.0
2012-09-27,0.0,31500.0,0.0,3,0.0
2012-09-28,0.0,31000.0,0.0,4,0.0
2012-10-01,0.0,30300.0,0.0,0,0.0
2012-10-02,0.0,31500.0,0.0,1,0.0
2012-10-03,0.0,32750.0,0.0,2,0.0
2012-10-04,0.0,30000.0,0.0,3,0.0
2012-10-05,0.0,30000.0,0.0,4,0.0
2012-10-08,0.0,29900.0,0.0,0,0.0
2012-10-09,0.0,28600.0,0.0,1,0.0
2012-10-10,0.0,27000.0,0.0,2,0.0
2012-10-11,0.0,33000.0,0.0,3,0.0
2012-10-12,1.0,31250.0,0.0,4,0.0
2012-10-15,0.0,30650.0,0.0,0,0.0
2012-10-16,0.0,29450.0,0.0,1,0.0
2012-10-17,8.0,29200.0,0.0,2,0.0
2012-10-18,0.0,32250.0,0.0,3,0.0
2012-10-19,1.0,33300.0,0.0,4,0.0
2012-10-22,0.0,31000.0,0.0,0,0.0
2012-10-23,0.0,32000.0,0.0,1,0.0
2012-10-24,1.0,33000.0,0.0,2,0.0
2012-10-25,3.0,36000.0,36000.0,3,0.0
2012-10-26,0.0,36250.0,0.0,4,0.0
2012-10-29,0.0,0.0,0.0,0,0.0
2012-10-30,0.0,0.0,0.0,1,0.0
2012-10-31,1.0,34600.0,0.0,2,0.0
2012-11-01,0.0,33500.0,0.0,3,0.0
2012-11-02,1.0,32500.0,0.0,4,0.0
2012-11-05,0.0,32000.0,0.0,0,0.0
2012-11-06,0.0,32000.0,0.0,1,0.0
2012-11-07,0.0,32500.0,0.0,2,0.0
2012-11-08,1.0,30500.0,30500.0,3,0.0
2012-11-09,0.0,31000.0,0.0,4,0.0
2012-11-12,0.0,29500.0,0.0,0,0.0
2012-11-13,1.0,32850.0,32850.0,1,0.0
2012-11-14,0.0,29155.0,0.0,2,0.0
2012-11-15,1.0,30750.0,0.0,3,0.0
2012-11-16,2.0,26500.0,26500.0,4,0.0
2012-11-19,0.0,26550.0,0.0,0,0.0
2012-11-20,3.0,27505.0,0.0,1,0.0
2012-11-21,0.0,27500.0,0.0,2,0.0
2012-11-23,1.0,27260.0,27260.0,4,0.0
2012-11-26,0.0,32050.0,0.0,0,0.0
2012-11-27,1.0,27800.0,0.0,1,0.0
2012-11-28,0.0,27000.0,0.0,2,0.0
2012-11-29,2.0,25500.0,25500.0,3,0.0
2012-11-30,1.0,21200.0,42400.0,4,0.0
2012-12-03,2.0,20850.0,41700.0,0,0.0
2012-12-04,2.0,18375.0,91875.0,1,0.0
2012-12-05,1.0,16800.0,16800.0,2,0.0
2012-12-06,0.0,15400.0,0.0,3,0.0
2012-12-07,0.0,17700.0,88500.0,4,0.0
2012-12-10,0.0,22650.0,22650.0,0,0.0
2012-12-11,2.0,22800.0,0.0,1,0.0
2012-12-12,1.0,22000.0,22000.0,2,0.0
2012-12-13,0.0,23350.0,0.0,3,0.0
2012-12-14,1.0,21000.0,42000.0,4,0.0
2012-12-17,0.0,21655.0,0.0,0,0.0
2012-12-18,0.0,20940.0,0.0,1,0.0
2012-12-19,0.0,20890.0,0.0,2,0.0
2012-12-20,0.0,21745.0,21745.0,3,0.0
2012-12-21,0.0,22750.0,0.0,4,0.0
2012-12-24,0.0,23000.0,0.0,0,0.0
2012-12-26,0.0,23000.0,0.0,2,0.0
2012-12-27,0.0,22020.0,0.0,3,0.0
2012-12-28,0.0,0.0,0.0,4,0.0
2012-12-31,0.0,20250.0,20250.0,0,0.0
2013-01-02,0.0,20500.0,0.0,2,0.0
2013-01-03,0.0,23200.0,0.0,3,0.0
2013-01-04,0.0,23025.0,0.0,4,0.0
2013-01-07,0.0,21480.0,0.0,0,0.0
2013-01-08,0.0,17995.0,0.0,1,0.0
2013-01-09,0.0,20055.0,0.0,2,0.0
2013-01-10,1.0,19560.0,0.0,3,0.0
2013-01-11,0.0,20605.0,0.0,4,0.0
2013-01-14,0.0,21800.0,0.0,0,0.0
2013-01-15,0.0,22350.0,0.0,1,0.0
2013-01-16,0.0,22840.0,0.0,2,0.0
2013-01-17,0.0,22890.0,0.0,3,0.0
2013-01-18,0.0,23390.0,0.0,4,0.0
2013-01-22,0.0,23000.0,0.0,1,0.0
2013-01-23,0.0,23150.0,23150.0,2,0.0
2013-01-24,0.0,23650.0,0.0,3,0.0
2013-01-25,0.0,23550.0,0.0,4,0.0
2013-01-28,0.0,23400.0,0.0,0,0.0
2013-01-29,0.0,24500.0,0.0,1,0.0
2013-01-30,0.0,24300.0,24300.0,2,0.0
2013-01-31,0.0,23745.0,0.0,3,0.0
2013-02-01,0.0,24500.0,0.0,4,0.0
2013-02-04,0.0,25180.0,25180.0,0,0.0
2013-02-05,0.0,24315.0,0.0,1,0.0
2013-02-06,0.0,23950.0,0.0,2,0.0
2013-02-07,0.0,22510.0,0.0,3,0.0
2013-02-08,0.0,23200.0,23200.0,4,0.0
2013-02-11,0.0,23200.0,0.0,0,0.0
2013-02-12,0.0,22450.0,0.0,1,0.0
2013-02-13,0.0,22050.0,0.0,2,0.0
2013-02-14,0.0,22700.0,0.0,3,0.0
2013-02-15,0.0,22550.0,0.0,4,0.0
2013-02-19,0.0,21350.0,21350.0,1,0.0
2013-02-20,0.0,23500.0,0.0,2,0.0
2013-02-21,0.0,22880.0,0.0,3,0.0
2013-02-22,0.0,22140.0,0.0,4,0.0
2013-02-25,0.0,22000.0,0.0,0,0.0
2013-02-26,0.0,22250.0,0.0,1,0.0
2013-02-27,0.0,23300.0,23300.0,2,0.0
2013-02-28,0.0,23500.0,0.0,3,0.0
2013-03-01,0.0,24000.0,0.0,4,0.0
2013-03-04,0.0,23690.0,0.0,0,0.0
2013-03-05,0.0,23450.0,0.0,1,0.0
2013-03-06,0.0,23500.0,0.0,2,0.0
2013-03-07,0.0,23050.0,23050.0,3,0.0
2013-03-08,1.0,22800.0,0.0,4,0.0
2013-03-11,0.0,22250.0,44500.0,0,0.0
2013-03-12,0.0,21900.0,0.0,1,0.0
2013-03-13,0.0,22800.0,0.0,2,0.0
2013-03-14,0.0,22000.0,0.0,3,0.0
2013-03-15,0.0,22100.0,44200.0,4,0.0
2013-03-18,0.0,21000.0,0.0,0,0.0
2013-03-19,0.0,20125.0,20125.0,1,0.0
2013-03-20,1.0,20450.0,0.0,2,0.0
2013-03-21,0.0,20000.0,0.0,3,0.0
2013-03-22,0.0,18500.0,0.0,4,0.0
2013-03-25,0.0,19625.0,0.0,0,0.0
2013-03-26,0.0,19250.0,0.0,1,0.0
2013-03-27,0.0,19400.0,0.0,2,0.0
2013-03-28,0.0,19500.0,0.0,3,0.0
2013-04-01,0.0,20500.0,0.0,0,0.0
2013-04-02,0.0,19900.0,0.0,1,0.0
2013-04-03,0.0,19700.0,0.0,2,0.0
2013-04-04,0.0,19525.0,0.0,3,0.0
2013-04-05,1.0,19500.0,0.0,4,0.0
2013-04-08,0.0,19850.0,0.0,0,0.0
2013-04-09,0.0,18900.0,0.0,1,0.0
2013-04-10,0.0,19690.0,0.0,2,0.0
2013-04-11,0.0,19490.0,0.0,3,0.0
2013-04-12,0.0,19350.0,0.0,4,0.0
2013-04-15,0.0,18615.0,0.0,0,0.0
2013-04-16,0.0,18495.0,0.0,1,0.0
2013-04-17,0.0,19700.0,0.0,2,0.0
2013-04-18,0.0,19975.0,0.0,3,0.0
2013-04-19,0.0,20100.0,0.0,4,0.0
2013-04-22,0.0,18200.0,0.0,0,0.0
2013-04-23,0.0,19625.0,0.0,1,0.0
2013-04-24,0.0,19700.0,0.0,2,0.0
2013-04-25,5.0,18145.0,18145.0,3,0.0
2013-04-26,0.0,19075.0,0.0,4,0.0
2013-04-29,0.0,19350.0,0.0,0,0.0
2013-04-30,0.0,19500.0,19500.0,1,0.0
2013-05-01,0.0,19450.0,19450.0,2,0.0
2013-05-02,0.0,19500.0,0.0,3,0.0
2013-05-03,0.0,19045.0,0.0,4,0.0
2013-05-06,0.0,18585.0,0.0,0,0.0
2013-05-07,0.0,18290.0,0.0,1,0.0
2013-05-08,0.0,19500.0,0.0,2,0.0
2013-05-09,0.0,19740.0,39480.0,3,0.0
2013-05-10,0.0,19500.0,0.0,4,0.0
2013-05-13,0.0,19200.0,38400.0,0,0.0
2013-05-14,0.0,19350.0,0.0,1,0.0
2013-05-15,0.0,19795.0,39590.0,2,0.0
2013-05-16,0.0,19650.0,0.0,3,0.0
2013-05-17,0.0,20690.0,41380.0,4,0.0
2013-05-20,0.0,18260.0,0.0,0,0.0
2013-05-21,0.0,18800.0,0.0,1,0.0
2013-05-22,0.0,18645.0,0.0,2,0.0
2013-05-23,0.0,18905.0,0.0,3,0.0
2013-05-24,0.0,18780.0,0.0,4,0.0
2013-05-28,0.0,19100.0,0.0,1,0.0
2013-05-29,0.0,18110.0,0.0,2,0.0
2013-05-30,0.0,17720.0,0.0,3,0.0
2013-05-31,0.0,17535.0,0.0,4,0.0
2013-06-03,0.0,17400.0,0.0,0,0.0
2013-06-04,0.0,18000.0,0.0,1,0.0
2013-06-05,0.0,17745.0,17745.0,2,0.0
2013-06-06,0.0,16495.0,0.0,3,0.0
2013-06-07,0.0,16550.0,0.0,4,0.0
2013-06-10,0.0,16250.0,32500.0,0,0.0
2013-06-11,3.0,15545.0,31090.0,1,0.0
2013-06-12,0.0,14645.0,29290.0,2,0.0
2013-06-13,0.0,15030.0,0.0,3,0.0
2013-06-14,0.0,14900.0,0.0,4,0.0
2013-06-17,1.0,15825.0,31650.0,0,0.0
2013-06-18,0.0,16200.0,16200.0,1,0.0
2013-06-19,0.0,16150.0,16150.0,2,0.0
2013-06-20,0.0,15490.0,0.0,3,0.0
2013-06-21,0.0,14950.0,0.0,4,0.0
2013-06-24,0.0,14255.0,0.0,0,0.0
2013-06-25,0.0,14250.0,0.0,1,0.0
2013-06-26,0.0,14100.0,0.0,2,0.0
2013-06-27,0.0,14185.0,0.0,3,0.0
2013-06-28,0.0,15500.0,15500.0,4,0.0
2013-07-01,0.0,16250.0,16250.0,0,0.0
2013-07-02,0.0,15650.0,0.0,1,0.0
2013-07-03,0.0,15700.0,0.0,2,0.0
2013-07-05,0.0,16380.0,0.0,4,0.0
2013-07-08,0.0,14955.0,0.0,0,0.0
2013-07-09,0.0,14450.0,14450.0,1,0.0
2013-07-10,0.0,15450.0,0.0,2,0.0
2013-07-11,0.0,14900.0,0.0,3,0.0
2013-07-12,0.0,14890.0,0.0,4,0.0
2013-07-15,0.0,15350.0,15350.0,0,0.0
2013-07-16,0.0,15065.0,15065.0,1,0.0
2013-07-17,1.0,12600.0,75600.0,2,0.0
2013-07-18,1.0,12195.0,48780.0,3,0.0
2013-07-19,0.0,13100.0,39300.0,4,0.0
2013-07-22,0.0,12505.0,25010.0,0,0.0
2013-07-23,3.0,14400.0,0.0,1,0.0
2013-07-24,0.0,13400.0,13400.0,2,0.0
2013-07-25,0.0,12675.0,0.0,3,0.0
2013-07-26,5.0,10960.0,164400.0,4,0.0
2013-07-29,0.0,10435.0,10435.0,0,0.0
2013-07-30,0.0,10650.0,0.0,1,0.0
2013-07-31,0.0,10760.0,0.0,2,0.0
2013-08-01,0.0,10925.0,10925.0,3,0.0
2013-08-02,0.0,11180.0,33540.0,4,0.0
2013-08-05,0.0,11670.0,23340.0,0,0.0
2013-08-06,0.0,11675.0,35025.0,1,0.0
2013-08-07,0.0,11140.0,11140.0,2,0.0
2013-08-08,0.0,11150.0,66900.0,3,0.0
2013-08-09,0.0,11800.0,11800.0,4,0.0
2013-08-12,0.0,11725.0,23450.0,0,0.0
2013-08-13,0.0,11900.0,0.0,1,0.0
2013-08-14,0.0,10995.0,32985.0,2,0.0
2013-08-15,0.0,10085.0,10085.0,3,0.0
2013-08-16,0.0,10135.0,0.0,4,0.0
2013-08-19,0.0,10085.0,0.0,0,0.0
2013-08-20,0.0,9900.0,0.0,1,0.0
2013-08-21,0.0,9715.0,0.0,2,0.0
2013-08-22,0.0,9355.0,0.0,3,0.0
2013-08-23,0.0,9170.0,27510.0,4,0.0
2013-08-26,0.0,9215.0,0.0,0,0.0
2013-08-27,0.0,8780.0,0.0,1,0.0
2013-08-28,0.0,8755.0,0.0,2,0.0
2013-08-29,0.0,8930.0,8930.0,3,0.0
2013-08-30,0.0,8760.0,0.0,4,0.0
2013-09-03,0.0,8425.0,16850.0,1,0.0
2013-09-04,0.0,8475.0,0.0,2,0.0
2013-09-05,0.0,8175.0,0.0,3,0.0
2013-09-06,0.0,7740.0,7740.0,4,0.0
2013-09-09,0.0,8380.0,8380.0,0,0.0
2013-09-10,0.0,8540.0,0.0,1,0.0
2013-09-11,0.0,8410.0,0.0,2,0.0
2013-09-12,0.0,8030.0,0.0,3,0.0
2013-09-13,0.0,7970.0,7970.0,4,0.0
2013-09-16,0.0,7950.0,0.0,0,0.0
2013-09-17,0.0,7975.0,0.0,1,0.0
2013-09-18,0.0,7950.0,0.0,2,0.0
2013-09-19,0.0,0.0,0.0,3,0.0
2013-09-20,0.0,7810.0,0.0,4,0.0
2013-09-23,0.0,8400.0,0.0,0,0.0
2013-09-24,15.0,8825.0,26475.0,1,0.0
2013-09-25,5.0,8850.0,17700.0,2,0.0
2013-09-26,2.0,8690.0,0.0,3,0.0
2013-09-27,0.0,8675.0,8675.0,4,0.0
2013-09-30,0.0,8600.0,0.0,0,0.0
2013-10-01,0.0,8800.0,0.0,1,0.0
2013-10-02,0.0,8000.0,0.0,2,0.0
2013-10-03,2.0,8400.0,0.0,3,0.0
2013-10-04,0.0,8250.0,0.0,4,0.0
2013-10-07,2.0,7605.0,15210.0,0,0.0
2013-10-08,0.0,7280.0,0.0,1,0.0
2013-10-09,1.0,6750.0,6750.0,2,0.0
2013-10-10,3.0,6700.0,6700.0,3,0.0
2013-10-11,0.0,6685.0,6685.0,4,0.0
2013-10-14,0.0,6250.0,6250.0,0,0.0
2013-10-15,0.0,6790.0,0.0,1,0.0
2013-10-16,0.0,6590.0,6590.0,2,0.0
2013-10-17,0.0,6500.0,0.0,3,0.0
2013-10-18,0.0,6495.0,0.0,4,0.0
2013-10-21,1.0,6150.0,0.0,0,0.0
2013-10-22,0.0,6280.0,0.0,1,0.0
2013-10-23,0.0,6305.0,0.0,2,0.0
2013-10-24,0.0,7115.0,14230.0,3,0.0
2013-10-25,0.0,8300.0,8300.0,4,0.0
2013-10-28,0.0,8300.0,0.0,0,0.0
2013-10-29,0.0,8275.0,0.0,1,0.0
2013-10-30,0.0,8370.0,0.0,2,0.0
2013-10-31,0.0,7905.0,7905.0,3,0.0
2013-11-01,0.0,7470.0,7470.0,4,0.0
2013-11-04,0.0,7700.0,7700.0,0,0.0
2013-11-05,0.0,6945.0,0.0,1,0.0
2013-11-06,0.0,6850.0,0.0,2,0.0
2013-11-07,0.0,7100.0,0.0,3,0.0
2013-11-08,0.0,7545.0,0.0,4,0.0
2013-11-11,0.0,8000.0,0.0,0,0.0
2013-11-12,0.0,7320.0,0.0,1,0.0
2013-11-13,1.0,7695.0,0.0,2,0.0
2013-11-14,3.0,7800.0,7800.0,3,0.0
2013-11-15,0.0,7660.0,15320.0,4,0.0
2013-11-18,0.0,7280.0,7280.0,0,0.0
2013-11-19,0.0,7075.0,14150.0,1,0.0
2013-11-20,0.0,6805.0,0.0,2,0.0
2013-11-21,0.0,7500.0,7500.0,3,0.0
2013-11-22,0.0,7060.0,0.0,4,0.0
2013-11-25,1.0,7045.0,0.0,0,0.0
2013-11-26,1.0,7745.0,0.0,1,0.0
2013-11-27,1.0,7840.0,0.0,2,0.0
2013-11-29,1.0,7615.0,0.0,4,0.0
2013-12-02,1.0,18700.0,0.0,0,0.0
2013-12-03,0.0,11000.0,0.0,1,0.0
2013-12-04,0.0,10250.0,0.0,2,0.0
2013-12-05,0.0,8950.0,0.0,3,0.0
2013-12-06,0.0,8775.0,8775.0,4,0.0
2013-12-09,0.0,8050.0,8050.0,0,0.0
2013-12-10,0.0,8750.0,8750.0,1,0.0
2013-12-11,0.0,8573.75,0.0,2,0.0
2013-12-12,0.0,9025.25,18050.5,3,0.0
2013-12-13,0.0,8875.0,0.0,4,0.0
2013-12-16,0.0,8350.0,0.0,0,0.0
2013-12-17,0.0,7862.5,0.0,1,0.0
2013-12-18,0.0,7800.0,0.0,2,0.0
2013-12-19,0.0,7850.0,0.0,3,0.0
2013-12-20,0.0,7900.0,0.0,4,0.0
2013-12-23,0.0,7900.0,0.0,0,0.0
2013-12-24,0.0,7962.5,0.0,1,0.0
2013-12-26,0.0,7700.0,7700.0,3,0.0
2013-12-27,0.0,8125.0,16250.0,4,0.0
2013-12-30,0.0,7977.5,7977.5,0,0.0
2013-12-31,0.0,4056.25,32450.0,1,1.0
2014-01-02,0.0,8325.0,0.0,3,0.0
2014-01-03,0.0,8562.5,0.0,4,0.0
2014-01-06,0.0,8600.0,8600.0,0,0.0
2014-01-07,0.0,7737.5,0.0,1,0.0
2014-01-08,0.0,7875.0,0.0,2,0.0
2014-01-09,0.0,7500.0,0.0,3,0.0
2014-01-10,0.0,7840.0,0.0,4,0.0
2014-01-13,0.0,7800.0,7800.0,0,0.0
2014-01-14,0.0,7900.0,0.0,1,0.0
2014-01-15,0.0,7601.0,0.0,2,0.0
2014-01-16,0.0,7480.0,7480.0,3,0.0
2014-01-17,0.0,7500.0,0.0,4,0.0
2014-01-21,0.0,7675.5,0.0,1,0.0
2014-01-22,0.0,7550.5,7550.5,2,0.0
2014-01-23,0.0,7650.25,15300.5,3,0.0
2014-01-24,0.0,7825.0,7825.0,4,0.0
2014-01-27,0.0,7720.0,0.0,0,0.0
2014-01-28,0.0,7675.0,7675.0,1,0.0
2014-01-29,0.0,8368.75,8368.75,2,0.0
2014-01-30,0.0,9350.25,18700.5,3,0.0
2014-01-31,0.0,9637.5,0.0,4,0.0
2014-02-03,0.0,9043.25,27129.75,0,0.0
2014-02-04,0.0,9023.75,0.0,1,0.0
2014-02-05,0.0,9000.0,0.0,2,0.0
2014-02-06,0.0,8900.0,0.0,3,0.0
2014-02-07,0.0,9500.0,19000.0,4,0.0
2014-02-10,0.0,10800.0,43200.0,0,0.0
2014-02-11,1.0,15300.0,153000.0,1,0.0
2014-02-12,0.0,14112.5,56450.0,2,0.0
2014-02-13,0.0,12350.0,49400.0,3,0.0
2014-02-14,0.0,12825.0,0.0,4,0.0
2014-02-18,0.0,12325.0,0.0,1,0.0
2014-02-19,0.0,13225.0,13225.0,2,0.0
2014-02-20,0.0,12662.5,37987.5,3,0.0
2014-02-21,0.0,12225.0,0.0,4,0.0
2014-02-24,0.0,12250.0,0.0,0,0.0
2014-02-25,0.0,11925.0,11925.0,1,0.0
2014-02-26,0.0,10325.0,30975.0,2,0.0
2014-02-27,0.0,9250.0,0.0,3,0.0
2014-02-28,0.0,9900.0,9900.0,4,0.0
2014-03-03,0.0,10162.5,10162.5,0,0.0
2014-03-04,0.0,8762.5,105150.0,1,0.0
2014-03-05,0.0,8012.5,32050.0,2,0.0
2014-03-06,0.0,7200.0,14400.0,3,0.0
2014-03-07,0.0,7250.0,7250.0,4,0.0
2014-03-10,0.0,6653.5,93149.0,0,0.0
2014-03-11,0.0,6462.75,6462.75,1,0.0
2014-03-12,0.0,6492.25,0.0,2,0.0
2014-03-13,0.0,6687.5,33437.5,3,0.0
2014-03-14,0.0,6775.0,20325.0,4,0.0
2014-03-17,0.0,6275.0,6275.0,0,0.0
2014-03-18,0.0,5900.25,41301.75,1,0.0
2014-03-19,0.0,5911.0,5911.0,2,0.0
2014-03-20,0.0,5675.0,5675.0,3,0.0
2014-03-21,0.0,5375.0,21500.0,4,0.0
2014-03-24,0.0,5850.0,17550.0,0,0.0
2014-03-25,0.0,6147.5,0.0,1,0.0
2014-03-26,0.0,6172.5,12345.0,2,0.0
2014-03-27,0.0,5450.25,21801.0,3,0.0
2014-03-28,0.0,4862.5,14587.5,4,0.0
2014-03-31,0.0,4812.5,0.0,0,0.0
2014-04-01,1.0,4475.0,22375.0,1,0.0
2014-04-02,0.0,3950.0,7900.0,2,0.0
2014-04-03,0.0,4050.0,0.0,3,0.0
2014-04-04,0.0,4000.0,4000.0,4,0.0
2014-04-07,0.0,3975.0,7950.0,0,0.0
2014-04-08,0.0,3850.0,3850.0,1,0.0
2014-04-09,0.0,4400.0,0.0,2,0.0
2014-04-10,0.0,3652.5,25567.5,3,0.0
2014-04-11,0.0,3497.5,10492.5,4,0.0
2014-04-14,0.0,0.0,0.0,0,0.0
2014-04-15,0.0,2925.0,32175.0,1,0.0
2014-04-16,0.0,2487.5,17412.5,2,0.0
2014-04-17,0.0,2287.5,9150.0,3,0.0
2014-04-21,0.0,2285.0,4570.0,0,0.0
2014-04-22,0.0,2275.0,9100.0,1,0.0
2014-04-23,0.0,2250.0,4500.0,2,0.0
2014-04-24,0.0,2908.75,5817.5,3,0.0
2014-04-25,0.0,2900.0,0.0,4,0.0
2014-04-28,0.0,2700.5,2700.5,0,0.0
2014-04-29,0.0,2451.0,0.0,1,0.0
2014-04-30,0.0,2487.5,2487.5,2,0.0
2014-05-01,0.0,2359.25,0.0,3,0.0
2014-05-02,0.0,2352.0,9408.0,4,0.0
2014-05-05,0.0,2897.0,0.0,0,0.0
2014-05-06,0.0,2300.25,9201.0,1,0.0
2014-05-07,0.0,2475.25,4950.5,2,0.0
2014-05-08,0.0,2500.0,2500.0,3,0.0
2014-05-09,0.0,2324.75,4649.5,4,0.0
2014-05-12,0.0,2052.75,4105.5,0,0.0
2014-05-13,0.0,2300.0,4600.0,1,0.0
2014-05-14,0.0,2200.5,2200.5,2,0.0
2014-05-15,0.0,2250.0,4500.0,3,0.0
2014-05-16,0.0,2074.75,4149.5,4,0.0
2014-05-19,0.0,2025.25,18227.25,0,0.0
2014-05-20,0.0,1970.0,0.0,1,0.0
2014-05-21,0.0,2127.75,0.0,2,0.0
2014-05-22,1.0,1900.25,0.0,3,0.0
2014-05-23,0.0,1788.75,3577.5,4,0.0
2014-05-27,0.0,1815.0,5445.0,1,0.0
2014-05-28,0.0,1880.0,3760.0,2,0.0
2014-05-29,0.0,1795.0,5385.0,3,0.0
2014-05-30,0.0,1761.25,3522.5,4,0.0
2014-06-02,0.0,1612.75,3225.5,0,0.0
2014-06-03,0.0,1930.25,5790.75,1,0.0
2014-06-04,0.0,1800.0,3600.0,2,0.0
2014-06-05,0.0,1600.25,1600.25,3,0.0
2014-06-06,0.0,1600.0,4800.0,4,0.0
2014-06-09,0.0,1775.0,0.0,0,0.0
2014-06-10,0.0,1925.0,7700.0,1,0.0
2014-06-11,0.0,2000.0,8000.0,2,0.0
2014-06-12,0.0,1887.75,3775.5,3,0.0
2014-06-13,0.0,1712.75,3425.5,4,0.0
2014-06-16,0.0,1650.5,8252.5,0,0.0
2014-06-17,0.0,1625.0,19500.0,1,0.0
2014-06-18,0.0,1425.0,7125.0,2,0.0
2014-06-19,0.0,1562.5,9375.0,3,0.0
2014-06-20,0.0,1305.0,11745.0,4,0.0
2014-06-23,0.0,1305.5,5222.0,0,0.0
2014-06-24,0.0,1359.5,6797.5,1,0.0
2014-06-25,0.0,1160.0,13920.0,2,0.0
2014-06-26,0.0,1212.5,13337.5,3,0.0
2014-06-27,1.0,1125.0,1125.0,4,0.0
2014-06-30,0.0,950.25,9502.5,0,0.0
2014-07-01,0.0,925.0,10175.0,1,0.0
2014-07-02,0.0,900.0,2700.0,2,0.0
2014-07-03,0.0,847.5,11017.5,3,0.0
2014-07-07,0.0,1050.0,2100.0,0,0.0
2014-07-08,0.0,978.0,5868.0,1,0.0
2014-07-09,0.0,937.5,2812.5,2,0.0
2014-07-10,0.0,909.75,7278.0,3,0.0
2014-07-11,0.0,851.75,12776.25,4,0.0
2014-07-14,0.0,775.0,3100.0,0,0.0
2014-07-15,0.0,743.0,7430.0,1,0.0
2014-07-16,0.0,817.5,1635.0,2,0.0
2014-07-17,0.0,744.25,3721.25,3,0.0
2014-07-18,0.0,805.25,6442.0,4,0.0
2014-07-21,0.0,788.0,5516.0,0,0.0
2014-07-22,0.0,764.0,1528.0,1,0.0
2014-07-23,0.0,911.5,1823.0,2,0.0
2014-07-24,0.0,994.25,994.25,3,0.0
2014-07-25,0.0,877.5,3510.0,4,0.0
2014-07-28,0.0,789.75,2369.25,0,0.0
2014-07-29,0.0,700.0,6300.0,1,0.0
2014-07-30,0.0,713.75,3568.75,2,0.0
2014-07-31,0.0,602.5,3615.0,3,0.0
2014-08-01,0.0,537.25,32772.25,4,0.0
2014-08-04,0.0,557.5,17840.0,0,0.0
2014-08-05,0.0,443.25,4875.75,1,0.0
2014-08-06,0.0,437.5,7000.0,2,0.0
2014-08-07,0.0,352.0,6336.0,3,0.0
2014-08-08,0.0,325.0,5525.0,4,0.0
2014-08-11,0.0,300.75,4812.0,0,0.0
2014-08-12,1.0,340.25,8506.25,1,0.0
2014-08-13,0.0,336.25,4035.0,2,0.0
2014-08-14,0.0,267.5,4280.0,3,0.0
2014-08-15,0.0,330.0,2640.0,4,0.0
2014-08-18,0.0,350.0,700.0,0,0.0
2014-08-19,0.0,366.25,3296.25,1,0.0
2014-08-20,0.0,380.0,1520.0,2,0.0
2014-08-21,1.0,382.5,2677.5,3,0.0
2014-08-22,0.0,389.0,389.0,4,0.0
2014-08-25,0.0,323.25,7434.75,0,0.0
2014-08-26,0.0,277.5,6382.5,1,0.0
2014-08-27,0.0,240.75,36112.5,2,0.0
2014-08-28,1.0,235.0,16215.0,3,0.0
2014-08-29,1.0,183.75,17640.0,4,0.0
2014-09-02,0.0,172.5,11902.5,1,0.0
2014-09-03,1.0,141.75,15309.0,2,0.0
2014-09-04,0.0,140.5,12364.0,3,0.0
2014-09-05,1.0,169.0,4394.0,4,0.0
2014-09-08,0.0,255.0,15810.0,0,0.0
2014-09-09,1.0,329.5,4613.0,1,0.0
2014-09-10,0.0,293.75,8812.5,2,0.0
2014-09-11,0.0,253.25,6584.5,3,0.0
2014-09-12,1.0,278.5,16431.5,4,0.0
2014-09-15,0.0,300.0,0.0,0,0.0
2014-09-16,0.0,307.75,1231.0,1,0.0
2014-09-17,0.0,344.0,0.0,2,0.0
2014-09-18,0.0,252.5,4040.0,3,0.0
2014-09-19,0.0,225.5,3608.0,4,0.0
2014-09-22,0.0,265.75,3986.25,0,0.0
2014-09-23,2.0,238.75,37722.5,1,0.0
2014-09-24,0.0,227.25,24315.75,2,0.0
2014-09-25,0.0,191.5,6128.0,3,0.0
2014-09-26,0.0,171.0,5985.0,4,0.0
2014-09-29,0.0,149.25,10447.5,0,0.0
2014-09-30,2.0,117.0,42003.0,1,0.0
2014-10-01,1.0,85.5,19836.0,2,0.0
2014-10-02,14.0,70.0,41090.0,3,0.0
2014-10-03,38.0,71.75,16502.5,4,0.0
2014-10-06,12.0,83.0,4150.0,0,0.0
2014-10-07,18.0,88.0,12672.0,1,0.0
2014-10-08,22.0,66.25,12786.25,2,0.0
2014-10-09,2.0,50.0,9700.0,3,0.0
2014-10-10,0.0,45.0,6210.0,4,0.0
2014-10-13,3.0,32.5,18525.0,0,0.0
2014-10-14,7.0,26.25,4987.5,1,0.0
2014-10-15,32.0,31.0,11687.0,2,0.0
2014-10-16,12.0,33.5,3752.0,3,0.0
2014-10-17,1.0,32.0,512.0,4,0.0
2014-10-20,16.0,33.0,957.0,0,0.0
2014-10-21,37.0,26.75,45635.5,1,0.0
2014-10-22,24.0,22.0,4840.0,2,0.0
2014-10-23,30.0,22.5,4657.5,3,0.0
2014-10-24,40.0,35.0,25585.0,4,0.0
2014-10-27,217.0,53.5,144396.5,0,0.0
2014-10-28,253.0,60.5,152702.0,1,0.0
2014-10-29,73.0,38.75,48592.5,2,0.0
2014-10-30,50.0,30.0,20820.0,3,0.0
2014-10-31,61.0,26.5,68237.5,4,0.0
2014-11-03,87.0,29.25,26091.0,0,0.0
2014-11-04,11.0,25.75,5098.5,1,0.0
2014-11-05,15.0,22.25,29036.25,2,0.0
2014-11-06,9.0,18.25,16844.75,3,0.0
2014-11-07,29.0,16.25,64025.0,4,0.0
2014-11-10,25.0,15.5,40548.0,0,0.0
2014-11-11,32.0,15.5,20041.5,1,0.0
2014-11-12,12.0,14.75,19897.75,2,0.0
2014-11-13,13.0,15.0,14490.0,3,0.0
2014-11-14,168.0,20.25,101310.75,4,0.0
2014-11-17,386.0,27.5,126830.0,0,0.0
2014-11-18,243.0,25.5,79840.5,1,0.0
2014-11-19,178.0,19.25,112208.25,2,0.0
2014-11-20,137.0,15.435,112660.065,3,0.0
2014-11-21,43.0,15.0,23025.0,4,0.0
2014-11-24,26.0,16.125,7224.0,0,0.0
2014-11-25,32.0,14.75,32833.5,1,0.0
2014-11-26,12.0,14.0,16814.0,2,0.0
2014-11-28,1.0,13.725,5091.974999999999,4,0.0
2014-12-01,28.0,15.0,11220.0,0,0.0
2014-12-02,21.0,15.25,9516.0,1,0.0
2014-12-03,232.0,22.25,113274.75,2,0.0
2014-12-04,256.0,29.25,93658.5,3,0.0
2014-12-05,152.0,25.5,45772.5,4,0.0
2014-12-08,73.0,21.0,34734.0,0,0.0
2014-12-09,106.0,18.2,21421.399999999998,1,0.0
2014-12-10,58.0,18.0,4788.0,2,0.0
2014-12-11,69.0,20.5,10598.5,3,0.0
2014-12-12,76.0,21.5,4773.0,4,0.0
2014-12-15,29.0,21.0,3381.0,0,0.0
2014-12-16,28.0,19.0,5168.0,1,0.0
2014-12-17,110.0,21.5,20597.0,2,0.0
2014-12-18,109.0,24.5,33173.0,3,0.0
2014-12-19,120.0,27.0,58590.0,4,0.0
2014-12-22,17.0,28.25,11215.25,0,0.0
2014-12-23,100.0,18.225,153855.45,1,0.0
2014-12-24,12.0,11.25,45686.25,2,0.0
2014-12-26,6.0,11.1,12087.9,4,0.0
2014-12-29,7.0,13.725,3829.275,0,0.0
2014-12-30,8.0,11.2,47252.799999999996,1,0.0
2014-12-31,16.0,11.25,13162.5,2,0.0
2015-01-02,7.0,13.0,8385.0,4,0.0
2015-01-05,13.0,11.25,1822.5,0,0.0
2015-01-06,1.0,11.75,34086.75,1,0.0
2015-01-07,5.0,11.0,20086.0,2,0.0
2015-01-08,2.0,10.5,7077.0,3,0.0
2015-01-09,3.0,11.25,2238.75,4,0.0
2015-01-12,1.0,10.625,21037.5,0,0.0
2015-01-13,9.0,10.0,15680.0,1,0.0
2015-01-14,3.0,9.25,10702.25,2,0.0
2015-01-15,8.0,8.0,7520.0,3,0.0
2015-01-16,1.0,8.5,1674.5,4,0.0
2015-01-20,7.0,8.725,1404.725,1,0.0
2015-01-21,1.0,8.75,2065.0,2,0.0
2015-01-22,7.0,8.25,3225.75,3,0.0
2015-01-23,7.0,8.875,4881.25,4,0.0
2015-01-26,2.0,9.0,1674.0,0,0.0
2015-01-27,0.0,8.975,825.6999999999999,1,0.0
2015-01-28,14.0,7.5,11205.0,2,0.0
2015-01-29,6.0,7.0,5404.0,3,0.0
2015-01-30,29.0,7.25,9468.5,4,0.0
2015-02-02,26.0,8.75,4226.25,0,0.0
2015-02-03,8.0,9.2,9016.0,1,0.0
2015-02-04,5.0,9.5,2622.0,2,0.0
2015-02-05,9.0,9.75,2486.25,3,0.0
2015-02-06,2.0,9.775,1260.9750000000001,4,0.0
2015-02-09,8.0,10.125,9193.5,0,0.0
2015-02-10,1.0,10.25,3075.0,1,0.0
2015-02-11,21.0,8.75,15391.25,2,0.0
2015-02-12,4.0,8.2,959.3999999999999,3,0.0
2015-02-13,1.0,9.0,288.0,4,0.0
2015-02-17,0.0,8.25,2029.5,1,0.0
2015-02-18,0.0,8.5,1768.0,2,0.0
2015-02-19,0.0,7.825,2582.25,3,0.0
2015-02-20,0.0,8.0,1000.0,4,0.0
2015-02-23,6.0,7.425,4945.05,0,0.0
2015-02-24,2.0,7.75,930.0,1,0.0
2015-02-25,7.0,7.75,1813.5,2,0.0
2015-02-26,8.0,8.75,4025.0,3,0.0
2015-02-27,2.0,8.0,968.0,4,0.0
2015-03-02,7.0,8.25,7185.75,0,0.0
2015-03-03,11.0,8.0,1672.0,1,0.0
2015-03-04,5.0,0.0,0.0,2,0.0
2015-03-05,3.0,8.0,600.0,3,0.0
2015-03-06,0.0,8.0,1704.0,4,0.0
2015-03-09,4.0,7.75,3712.25,0,0.0
2015-03-10,0.0,7.25,1181.75,1,0.0
2015-03-11,6.0,7.5,2317.5,2,0.0
2015-03-12,0.0,7.75,488.25,3,0.0
2015-03-13,0.0,7.5,1402.5,4,0.0
2015-03-16,2.0,8.5,705.5,0,0.0
2015-03-17,0.0,8.5,408.0,1,0.0
2015-03-18,6.0,8.5,518.5,2,0.0
2015-03-19,9.0,9.5,6916.0,3,0.0
2015-03-20,10.0,10.0,5670.0,4,0.0
2015-03-23,1.0,9.75,1140.75,0,0.0
2015-03-24,11.0,11.5,345.0,1,0.0
2015-03-25,10.0,9.5,2166.0,2,0.0
2015-03-26,4.0,9.625,211.75,3,0.0
2015-03-27,0.0,9.0,1521.0,4,0.0
2015-03-30,4.0,9.0,1350.0,0,0.0
2015-03-31,0.0,8.75,1321.25,1,0.0
2015-04-01,0.0,8.75,446.25,2,0.0
2015-04-02,0.0,9.5,693.5,3,0.0
2015-04-06,16.0,9.4,3666.0,0,0.0
2015-04-07,2.0,10.0,4640.0,1,0.0
2015-04-08,2.0,10.0,150.0,2,0.0
2015-04-09,0.0,10.0,240.0,3,0.0
2015-04-10,3.0,9.0,1872.0,4,0.0
2015-04-13,4.0,9.0,117.0,0,0.0
2015-04-14,6.0,8.25,2862.75,1,0.0
2015-04-15,22.0,7.875,2275.875,2,0.0
2015-04-16,7.0,9.25,2608.5,3,0.0
2015-04-17,12.0,8.875,186.375,4,0.0
2015-04-20,12.0,8.0,2728.0,0,0.0
2015-04-21,4.0,7.0,1204.0,1,0.0
2015-04-22,4.0,8.0,2080.0,2,0.0
2015-04-23,6.0,7.0,574.0,3,0.0
2015-04-24,5.0,7.25,1290.5,4,0.0
2015-04-27,7.0,7.25,195.75,0,0.0
2015-04-28,1.0,7.25,72.5,1,0.0
2015-04-29,1.0,7.5,795.0,2,0.0
2015-04-30,3.0,7.25,2871.0,3,0.0
2015-05-01,21.0,4.0,48388.0,4,0.0
2015-05-04,5.0,2.45,13156.500000000002,0,0.0
2015-05-05,6.0,1.975,5458.900000000001,1,0.0
2015-05-06,4.0,1.5,9042.0,2,0.0
2015-05-07,3.0,1.975,558.9250000000001,3,0.0
2015-05-08,13.0,1.75,34622.0,4,0.0
2015-05-11,12.0,1.25,10175.0,0,0.0
2015-05-12,7.0,1.25,5703.75,1,0.0
2015-05-13,10.0,1.0,5398.0,2,0.0
2015-05-14,13.0,1.0,3895.0,3,0.0
2015-05-15,8.0,1.0,3613.0,4,0.0
2015-05-18,4.0,1.0,1455.0,0,0.0
2015-05-19,5.0,1.0,4323.0,1,0.0
2015-05-20,7.0,1.0,1255.0,2,0.0
2015-05-21,2.0,1.0,788.0,3,0.0
2015-05-22,9.0,1.0,564.0,4,0.0
2015-05-26,10.0,1.245,8959.02,1,0.0
2015-05-27,7.0,1.5,946.5,2,0.0
2015-05-28,8.0,1.5,459.0,3,0.0
2015-05-29,5.0,1.7,10461.8,4,0.0
2015-06-01,20.0,1.875,10858.125,0,0.0
2015-06-02,15.0,1.7475,26567.2425,1,0.0
2015-06-03,95.0,3.0,57624.0,2,0.0
2015-06-04,27.0,2.75,13906.75,3,0.0
2015-06-05,7.0,1.75,1944.25,4,0.0
2015-06-08,0.0,1.5,895.5,0,0.0
2015-06-09,1.0,1.5,250.5,1,0.0
2015-06-10,2.0,2.5,147.5,2,0.0
2015-06-11,0.0,1.775,3365.3999999999996,3,0.0
2015-06-12,1.0,1.5,1864.5,4,0.0
2015-06-15,0.0,1.25,1.25,0,0.0
2015-06-16,4.0,0.9924999999999999,27912.0775,1,0.0
2015-06-17,0.0,1.5,1537.5,2,0.0
2015-06-18,4.0,1.5,64261.5,3,0.0
2015-06-19,0.0,1.0,1678.0,4,0.0
2015-06-22,4.0,1.245,45483.58500000001,0,0.0
2015-06-23,0.0,1.25,14413.75,1,0.0
2015-06-24,0.0,1.5,363.0,2,0.0
2015-06-25,3.0,1.5,124.5,3,0.0
2015-06-26,3.0,1.5,883.5,4,0.0
2015-06-29,5.0,1.0,470.0,0,0.0
2015-06-30,2.0,1.0,279.0,1,0.0
2015-07-01,1.0,0.0,0.0,2,0.0
2015-07-02,0.0,1.75,726.25,3,0.0
2015-07-06,1.0,2.0,294.0,0,0.0
2015-07-07,0.0,1.75,3139.5,1,0.0
2015-07-08,4.0,1.75,285.25,2,0.0
2015-07-09,1.0,1.5,3000.0,3,0.0
2015-07-10,2.0,1.5,2214.0,4,0.0
2015-07-13,1.0,1.0,50.0,0,0.0
2015-07-14,9.0,0.0,0.0,1,0.0
2015-07-15,0.0,1.5,280.5,2,0.0
2015-07-16,0.0,1.0,200.0,3,0.0
2015-07-17,1.0,1.5,375.0,4,0.0
2015-07-20,1.0,1.0,483.0,0,0.0
2015-07-21,5.0,1.5,561.0,1,0.0
2015-07-22,2.0,2.0,44.0,2,0.0
2015-07-23,2.0,1.0,112.0,3,0.0
2015-07-24,0.0,1.0,100.0,4,0.0
2015-07-27,0.0,0.0,0.0,0,0.0
2015-07-28,3.0,1.0,70.0,1,0.0
2015-07-29,1.0,1.0,59.0,2,0.0
2015-07-30,0.0,1.0,100.0,3,0.0
2015-07-31,0.0,1.0,58.0,4,0.0
2015-08-03,1.0,1.0,368.0,0,0.0
2015-08-04,1.0,0.0,0.0,1,0.0
2015-08-05,2.0,0.0,0.0,2,0.0
2015-08-06,0.0,1.0,6.0,3,0.0
2015-08-07,0.0,1.0,13.0,4,0.0
2015-08-10,1.0,1.5,804.0,0,0.0
2015-08-11,2.0,1.3775,1252.1475,1,0.0
2015-08-12,2.0,2.0,4450.0,2,0.0
2015-08-13,11.0,1.375,2934.25,3,0.0
2015-08-14,15.0,0.0,0.0,4,0.0
2015-08-17,10.0,0.0,0.0,0,0.0
2015-08-18,3.0,0.625,501.25,1,0.0
2015-08-19,2.0,0.25,162.5,2,0.0
2015-08-20,2.0,0.0,0.0,3,0.0
2015-08-21,0.0,0.25,581.0,4,0.0
2015-08-24,0.0,0.0,0.0,0,0.0
2015-08-25,4.0,1.0,103.0,1,0.0
2015-08-26,0.0,0.26,80.08,2,0.0
2015-08-27,2.0,0.0,0.0,3,0.0
2015-08-28,0.0,0.0,0.0,4,0.0
2015-08-31,0.0,0.0,0.0,0,0.0
2015-09-01,0.0,0.6299999999999999,164.42999999999998,1,0.0
2015-09-02,5.0,1.0,407.0,2,0.0
2015-09-03,0.0,0.47500000000000003,560.0250000000001,3,0.0
2015-09-04,2.0,0.32,112.32000000000001,4,0.0
2015-09-08,0.0,0.32,148.48,1,0.0
2015-09-09,0.0,0.0,0.0,2,0.0
2015-09-10,0.0,0.29,1190.1599999999999,3,0.0
2015-09-11,0.0,0.27,126.63000000000001,4,0.0
2015-09-14,0.0,0.05,73.3,0,1.0
2015-09-15,0.0,0.0,0.0,1,0.0
2015-09-16,1.0,0.0,0.0,2,0.0
2015-09-17,2.0,0.0,0.0,3,0.0
2015-09-18,0.0,0.06,1302.24,4,1.0
2015-09-21,0.0,0.895,679.3050000000001,0,0.0
2015-09-22,0.0,0.7875000000000001,1782.9,1,0.0
2015-09-23,0.0,0.0,0.0,2,0.0
2015-09-24,0.0,0.0,0.0,3,0.0
2015-09-25,0.0,0.0,0.0,4,0.0
2015-09-28,0.0,0.0,0.0,0,0.0
2015-09-29,0.0,0.0,0.0,1,0.0
2015-09-30,0.0,0.16999999999999998,8821.13,2,0.0
2015-10-01,0.0,0.125,3923.875,3,0.0
2015-10-02,0.0,0.0,0.0,4,0.0
2015-10-05,1.0,0.12000000000000001,1724.5200000000002,0,0.0
2015-10-06,0.0,0.1575,2467.08,1,0.0
2015-10-07,0.0,0.13,875.0300000000001,2,0.0
2015-10-08,0.0,0.13,1218.23,3,0.0
2015-10-09,0.0,0.15000000000000002,1838.4000000000003,4,0.0
2015-10-12,0.0,0.15,169.5,0,0.0
2015-10-13,1.0,0.15,377.84999999999997,1,0.0
2015-10-14,0.0,0.115,2443.75,2,0.0
2015-10-15,0.0,0.06,6.18,3,1.0
2015-10-16,0.0,0.15000000000000002,7731.600000000001,4,0.0
2015-10-19,0.0,0.125,341.25,0,0.0
2015-10-20,0.0,0.14,268.8,1,0.0
2015-10-21,0.0,0.199975,500.13747500000005,2,0.0
2015-10-22,0.0,0.0,0.0,3,0.0
2015-10-23,0.0,0.0,0.0,4,0.0
2015-10-26,0.0,0.19995,6578.355,0,0.0
2015-10-27,0.0,0.0,0.0,1,0.0
2015-10-28,0.0,0.2,150.0,2,0.0
2015-10-29,0.0,0.0,0.0,3,0.0
2015-10-30,0.0,0.2,944.8000000000001,4,0.0
2015-11-02,0.0,0.165,3776.19,0,0.0
2015-11-03,0.0,0.2,214.0,1,0.0
2015-11-04,0.0,0.0,0.0,2,0.0
2015-11-05,0.0,0.22505,10693.25075,3,0.0
2015-11-06,0.0,0.15,676.5,4,0.0
2015-11-09,0.0,0.0,0.0,0,0.0
2015-11-10,0.0,0.0,0.0,1,0.0
2015-11-11,0.0,0.11,55.11,2,0.0
2015-11-12,0.0,0.0,0.0,3,0.0
2015-11-13,0.0,0.0,0.0,4,0.0
2015-11-16,0.0,0.02,38.22,0,1.0
2015-11-17,0.0,0.05,80.0,1,0.0
2015-11-18,0.0,0.07500000000000001,4978.575000000001,2,0.0
2015-11-19,0.0,0.11,2665.3,3,0.0
2015-11-20,0.0,0.11,20.02,4,0.0
2015-11-23,0.0,0.1,455.1,0,0.0
2015-11-24,0.0,0.0,0.0,1,0.0
2015-11-25,0.0,0.0,0.0,2,0.0
2015-11-27,0.0,0.0,0.0,4,0.0
2015-11-30,0.0,0.0,0.0,0,0.0
2015-12-01,0.0,0.1,100.30000000000001,1,0.0
2015-12-02,0.0,0.04105,9955.979650000001,2,0.0
2015-12-03,0.0,0.06375,3100.1625,3,0.0
2015-12-04,0.0,0.053750000000000006,3596.6275000000005,4,0.0
2015-12-07,0.0,0.04,2083.92,0,0.0
2015-12-08,0.0,0.0221,11.3815,1,0.0
2015-12-09,0.0,0.04,127.16,2,0.0
2015-12-10,0.0,0.04,1226.04,3,0.0
2015-12-11,0.0,0.06,90.3,4,0.0
2015-12-14,0.0,0.0308,2957.1696,0,0.0
2015-12-15,0.0,0.031275,4069.0026,1,0.0
2015-12-16,0.0,0.04,116.16,2,0.0
2015-12-17,0.0,0.04,40.32,3,0.0
2015-12-18,0.0,0.035250000000000004,420.28575000000006,4,0.0
2015-12-21,0.0,0.0,0.0,0,0.0
2015-12-22,0.0,0.0235,141.1175,1,0.0
2015-12-23,0.0,0.033,971.421,2,0.0
2015-12-24,0.0,0.021750000000000002,1648.06275,3,0.0
2015-12-28,0.0,0.044524999999999995,1244.518275,0,0.0
2015-12-29,0.0,0.041275,167.122475,1,0.0
2015-12-30,0.0,0.0436,837.6868,2,0.0
2015-12-31,0.0,0.0,0.0,3,0.0
2016-01-04,0.0,0.05,254.05,0,0.0
2016-01-05,0.0,0.0,0.0,1,0.0
2016-01-06,0.0,0.065,2285.335,2,0.0
2016-01-07,0.0,0.08,79.60000000000001,3,0.0
2016-01-08,0.0,0.0,0.0,4,0.0
2016-01-11,0.0,0.0,0.0,0,0.0
2016-01-12,0.0,0.0,0.0,1,0.0
2016-01-13,0.0,0.0,0.0,2,0.0
2016-01-14,0.0,0.0,0.0,3,0.0
2016-01-15,0.0,0.0,0.0,4,0.0
2016-01-19,0.0,0.07,1084.93,1,0.0
2016-01-20,0.0,0.0,0.0,2,0.0
2016-01-21,0.0,0.0,0.0,3,0.0
2016-01-22,0.0,0.077,577.5,4,0.0
2016-01-25,0.0,0.05,10.0,0,0.0
2016-01-26,0.0,0.05,9.850000000000001,1,0.0
2016-01-27,0.0,0.075,247.64999999999998,2,0.0
2016-01-28,0.0,0.05,10.0,3,0.0
2016-01-29,0.0,0.0,0.0,4,0.0
2016-02-01,0.0,0.0,0.0,0,0.0
2016-02-02,0.0,0.0,0.0,1,0.0
2016-02-03,0.0,0.075,37.5,2,0.0
2016-02-04,0.0,0.0,0.0,3,0.0
2016-02-05,0.0,0.0,0.0,4,0.0
2016-02-08,0.0,0.0501,36.2223,0,0.0
2016-02-09,0.0,0.0625,312.5,1,0.0
2016-02-10,0.0,0.0,0.0,2,0.0
2016-02-11,0.0,0.0,0.0,3,0.0
2016-02-12,0.0,0.0,0.0,4,0.0
2016-02-16,0.0,0.0,0.0,1,0.0
2016-02-17,0.0,0.07875,452.89125,2,0.0
2016-02-18,2.0,0.0,0.0,3,0.0
2016-02-19,0.0,0.0,0.0,4,0.0
2016-02-22,0.0,0.0,0.0,0,0.0
2016-02-23,0.0,0.0,0.0,1,0.0
2016-02-24,0.0,0.0,0.0,2,0.0
2016-02-25,0.0,0.0,0.0,3,0.0
2016-02-26,0.0,0.0,0.0,4,0.0
2016-02-29,0.0,0.0,0.0,0,0.0
2016-03-01,0.0,0.0,0.0,1,0.0
2016-03-02,0.0,0.11,698.94,2,0.0
2016-03-03,0.0,0.0,0.0,3,0.0
2016-03-04,0.0,0.0056,1.5848,4,1.0
2016-03-07,0.0,0.0,0.0,0,0.0
2016-03-08,1.0,0.36724999999999997,2390.43025,1,0.0
2016-03-09,0.0,0.39,129.09,2,0.0
2016-03-10,0.0,0.10250000000000001,920.86,3,0.0
2016-03-11,0.0,0.0675,157.47750000000002,4,0.0
2016-03-14,0.0,0.15,19.8,0,0.0
2016-03-15,0.0,0.11000000000000001,573.8700000000001,1,0.0
2016-03-16,0.0,0.14,277.06,2,0.0
2016-03-17,0.0,0.15,30.0,3,0.0
2016-03-18,0.0,0.0,0.0,4,0.0
2016-03-21,0.0,0.15,54.0,0,0.0
2016-03-22,0.0,0.0,0.0,1,0.0
2016-03-23,1.0,0.0,0.0,2,0.0
2016-03-24,0.0,0.0,0.0,3,0.0
2016-03-28,0.0,0.15,15.149999999999999,0,0.0
2016-03-29,0.0,0.0,0.0,1,0.0
2016-03-30,0.0,0.12,163.2,2,0.0
2016-03-31,0.0,0.0,0.0,3,0.0
2016-04-01,0.0,0.0,0.0,4,0.0
2016-04-04,0.0,0.1,51.2,0,0.0
2016-04-05,0.0,0.1,20.0,1,0.0
2016-04-06,0.0,0.08750000000000001,213.675,2,0.0
2016-04-07,7.0,0.095,145.255,3,0.0
2016-04-08,9.0,0.079025,251164.288225,4,0.0
2016-04-11,1.0,0.047475,3445.5456000000004,0,0.0
2016-04-12,2.0,0.0375,4882.4625,1,0.0
2016-04-13,1.0,0.037025,4409.492375000001,2,0.0
2016-04-14,0.0,0.034699999999999995,3428.3599999999997,3,0.0
2016-04-15,0.0,0.029949999999999997,95.83999999999999,4,0.0
2016-04-18,0.0,0.034225,4290.274875,0,0.0
2016-04-19,0.0,0.033725,981.4649499999999,1,0.0
2016-04-20,0.0,0.027174999999999998,4869.596949999999,2,0.0
2016-04-21,0.0,0.025925000000000004,318.87750000000005,3,0.0
2016-04-22,1.0,0.025825,2443.045,4,0.0
2016-04-25,0.0,0.0259,35.6902,0,0.0
2016-04-26,0.0,0.0249,342.62399999999997,1,0.0
2016-04-27,0.0,0.02275,4137.11025,2,0.0
2016-04-28,0.0,0.022,220.0,3,0.0
2016-04-29,0.0,0.0,0.0,4,0.0
2016-05-02,0.0,0.022125,1188.24525,0,0.0
2016-05-03,0.0,0.0,0.0,1,0.0
2016-05-04,0.0,0.022,198.022,2,0.0
2016-05-05,0.0,0.022,176.0,3,0.0
2016-05-06,0.0,0.0,0.0,4,0.0
2016-05-09,0.0,0.0,0.0,0,0.0
2016-05-10,0.0,0.022,11.0,1,0.0
2016-05-11,0.0,0.0,0.0,2,0.0
2016-05-12,0.0,0.0,0.0,3,0.0
2016-05-13,0.0,0.022,490.04999999999995,4,0.0
2016-05-16,0.0,0.022,86.67999999999999,0,0.0
2016-05-17,0.0,0.0219,109.5,1,0.0
2016-05-18,0.0,0.0,0.0,2,0.0
2016-05-19,0.0,0.022,333.40999999999997,3,0.0
2016-05-20,0.0,0.0,0.0,4,0.0
2016-05-23,0.0,0.0218,32.7,0,0.0
2016-05-24,0.0,0.0214,21.4,1,0.0
2016-05-25,0.0,0.0,0.0,2,0.0
2016-05-26,0.0,0.01925,2438.975,3,0.0
2016-05-27,1.0,0.011175000000000001,8280.596775,4,0.0
2016-05-31,0.0,0.007049999999999999,1029.4339499999999,1,0.0
2016-06-01,0.0,0.0063,1870.6464,2,0.0
2016-06-02,0.0,0.004549999999999999,2113.7297999999996,3,0.0
2016-06-03,0.0,0.00305,3959.6289500000003,4,0.0
2016-06-06,0.0,0.0015249999999999999,7076.895175,0,0.0
2016-06-07,1.0,0.0014750000000000002,5500.531650000001,1,0.0
2016-06-08,0.0,0.0021,1955.5955999999999,2,0.0
2016-06-09,1.0,0.001875,11715.164999999999,3,0.0
2016-06-10,0.0,0.0012,22.840799999999998,4,0.0
2016-06-13,1.0,0.001625,10273.267875,0,0.0
2016-06-14,0.0,0.001975,3338.696025,1,0.0
2016-06-15,0.0,0.001725,1283.422425,2,0.0
2016-06-16,0.0,0.001425,187.066875,3,0.0
2016-06-17,0.0,0.00125,5268.295,4,0.0
2016-06-20,0.0,0.00105,27.327299999999997,0,0.0
2016-06-21,0.0,0.0008500000000000001,8597.84265,1,0.0
2016-06-22,0.0,0.00075,6149.8545,2,0.0
2016-06-23,5.0,0.00095,1030.75,3,0.0
2016-06-24,9.0,0.0016249999999999997,8632.472874999998,4,0.0
2016-06-27,5.0,0.001775,14940.496275000001,0,0.0
2016-06-28,0.0,0.00135,1096.07715,1,0.0
2016-06-29,0.0,0.0012,513.654,2,0.0
2016-06-30,0.0,0.001225,1757.36295,3,0.0
2016-07-01,0.0,0.0012499999999999998,104.32624999999999,4,0.0
2016-07-05,0.0,0.0010999999999999998,5812.4,1,0.0
2016-07-06,0.0,0.0009500000000000001,2896.2146500000003,2,0.0
2016-07-07,0.0,0.0008,3258.4008000000003,3,0.0
2016-07-08,0.0,0.000925,3630.4335250000004,4,0.0
2016-07-11,1.0,0.0007250000000000001,6759.8949250000005,0,0.0
2016-07-12,0.0,0.000725,4850.2442,1,0.0
2016-07-13,0.0,0.0005499999999999999,2317.3727499999995,2,0.0
2016-07-14,0.0,0.0005499999999999999,2009.3727499999998,3,0.0
2016-07-15,0.0,0.000675,1808.5315500000002,4,0.0
2016-07-18,0.0,0.0005,3146.587,0,0.0
2016-07-19,0.0,0.000475,2816.865425,1,0.0
2016-07-20,6.0,0.0007,19174.96,2,0.0
2016-07-21,2.0,0.00075,1523.613,3,0.0
2016-07-22,3.0,0.00065,34489.975,4,0.0
2016-07-25,1.0,0.000375,25121.32125,0,0.0
2016-07-26,0.0,0.00025,313.375,1,0.0
2016-07-27,0.0,0.0,0.0,2,0.0
2016-07-28,0.0,0.0002,9084.0,3,0.0
2016-07-29,0.0,0.0002,84.0002,4,0.0
2016-08-01,0.0,0.00019999999999999998,372.9,0,0.0
2016-08-02,0.0,0.00025,25.25,1,0.0
2016-08-03,0.0,0.00025,674.1247500000001,2,0.0
2016-08-04,0.0,0.000175,52.525025,3,0.0
2016-08-05,0.0,0.0002,100.0,4,0.0
2016-08-08,1.0,0.000175,13430.5682,0,0.0
2016-08-09,0.0,0.0002,120.51,1,0.0
2016-08-10,2.0,0.0001,7109.3763,2,0.0
2016-08-11,2.0,0.000125,145.27875,3,0.0
2016-08-12,0.0,0.0,0.0,4,0.0
2016-08-15,0.0,0.0002,50.001000000000005,0,0.0
2016-08-16,0.0,0.0001,1585.5545000000002,1,0.0
2016-08-17,0.0,0.0,0.0,2,0.0
2016-08-18,0.0,0.0,0.0,3,0.0
2016-08-19,0.0,0.0001,104.99990000000001,4,0.0
2016-08-22,0.0,0.0,0.0,0,0.0
2016-08-23,0.0,0.0001,298.9999,1,0.0
2016-08-24,0.0,0.0001,220.0,2,0.0
2016-08-25,0.0,0.00015000000000000001,589.5,3,0.0
2016-08-26,0.0,0.0001,10.0,4,0.0
2016-08-29,0.0,0.0001,24.747,0,0.0
2016-08-30,0.0,0.0001,2110.0691,1,0.0
2016-08-31,0.0,0.0,0.0,2,0.0
2016-09-01,0.0,0.0001,91.1999,3,0.0
2016-09-02,0.0,0.0,0.0,4,0.0
2016-09-06,0.0,0.0001,300.0,1,0.0
2016-09-07,0.0,0.0001,3.5,2,0.0
2016-09-08,0.0,0.0001,1177.0527,3,0.0
2016-09-09,0.0,0.000125,182.24212500000002,4,0.0
2016-09-12,2.0,0.0001,91.2,0,0.0
2016-09-13,1.0,0.0001,104.1088,1,0.0
2016-09-14,0.0,0.0001,1.5,2,0.0
2016-09-15,0.0,0.0,0.0,3,0.0
2016-09-16,0.0,0.0001,150.0,4,0.0
2016-09-19,0.0,0.0001,65.06,0,0.0
2016-09-20,0.0,0.00015000000000000001,832.6614000000001,1,0.0
2016-09-21,0.0,0.0,0.0,2,0.0
2016-09-22,0.0,0.0,0.0,3,0.0
2016-09-23,0.0,5e-05,309.3851,4,0.0
2016-09-26,0.0,0.0001,1.0001,0,0.0
2016-09-27,2.0,0.0001,408.00010000000003,1,0.0
2016-09-28,0.0,0.0001,131.8101,2,0.0
2016-09-29,2.0,0.0,0.0,3,0.0
2016-09-30,0.0,0.0,0.0,4,0.0
2016-10-03,0.0,0.0001,101.2,0,0.0
2016-10-04,0.0,0.0,0.0,1,0.0
2016-10-05,0.0,0.0,0.0,2,0.0
2016-10-06,0.0,0.0,0.0,3,0.0
2016-10-07,0.0,0.0,0.0,4,0.0
2016-10-10,0.0,0.0,0.0,0,0.0
2016-10-11,0.0,0.0001,170.0,1,0.0
2016-10-12,0.0,0.0001,469.59000000000003,2,0.0
2016-10-13,0.0,0.0001,10.0,3,0.0
2016-10-14,0.0,0.0,0.0,4,0.0
2016-10-17,0.0,0.0,0.0,0,0.0
2016-10-18,0.0,0.0,0.0,1,0.0
2016-10-19,1.0,0.0001,45.0,2,0.0
2016-10-20,1.0,0.0001,610.0,3,0.0
2016-10-21,1.0,0.0001,0.2,4,0.0
2016-10-24,0.0,0.0,0.0,0,0.0
2016-10-25,1.0,0.0,0.0,1,0.0
2016-10-26,0.0,0.0001,199.99980000000002,2,0.0
2016-10-27,0.0,0.0001,520.0099,3,0.0
2016-10-28,0.0,0.0,0.0,4,0.0
2016-10-31,0.0,0.0,0.0,0,0.0
2016-11-01,0.0,0.000125,2662.500125,1,0.0
2016-11-02,1.0,0.0001,200.35000000000002,2,0.0
2016-11-03,1.0,0.0,0.0,3,0.0
2016-11-04,0.0,0.0,0.0,4,0.0
2016-11-07,1.0,0.0,0.0,0,0.0
2016-11-08,32.0,0.0004,54465.258400000006,1,0.0
2016-11-09,33.0,0.00035000000000000005,62309.66350000001,2,0.0
2016-11-10,8.0,0.000225,1508.2875,3,0.0
2016-11-11,2.0,0.000225,664.792425,4,0.0
2016-11-14,1.0,0.00015000000000000001,621.9516000000001,0,0.0
2016-11-15,0.0,0.0,0.0,1,0.0
2016-11-16,0.0,0.00015000000000000001,72.75,2,0.0
2016-11-17,0.0,0.000175,87.7429,3,0.0
2016-11-18,2.0,0.00015000000000000001,9107.215950000002,4,0.0
2016-11-21,0.0,0.0001,60.0,0,0.0
2016-11-22,1.0,0.0002,70.0002,1,0.0
2016-11-23,0.0,0.0002,50.2,2,0.0
2016-11-25,0.0,0.0002,225.55540000000002,4,0.0
2016-11-28,0.0,0.0,0.0,0,0.0
2016-11-29,0.0,0.0002,22.0,1,0.0
2016-11-30,1.0,0.0,0.0,2,0.0
2016-12-01,0.0,0.0002,120.0,3,0.0
2016-12-02,0.0,0.0002,350.0,4,0.0
2016-12-05,0.0,0.0001,60.010000000000005,0,0.0
2016-12-06,0.0,0.0001,414.0,1,0.0
2016-12-07,0.0,0.0001,158.555,2,0.0
2016-12-08,1.0,0.0,0.0,3,0.0
2016-12-09,0.0,0.00015000000000000001,1801.34985,4,0.0
2016-12-12,0.0,0.00015000000000000001,3.015,0,0.0
2016-12-13,0.0,0.0002,75.0,1,0.0
2016-12-14,0.0,0.0001,200.0,2,0.0
2016-12-15,0.0,0.0002,39.8008,3,0.0
2016-12-16,0.0,0.0002,100.0036,4,0.0
2016-12-19,0.0,0.0,0.0,0,0.0
2016-12-20,0.0,0.0002,200.002,1,0.0
2016-12-21,0.0,0.0,0.0,2,0.0
2016-12-22,0.0,0.00015000000000000001,101.25045000000001,3,0.0
2016-12-23,0.0,0.0,0.0,4,0.0
2016-12-26,0.0,0.0,0.0,0,0.0
2016-12-27,0.0,0.0002,31.012600000000003,1,0.0
2016-12-28,0.0,0.0002,302.0038,2,0.0
2016-12-29,0.0,0.00015000000000000001,180.44025000000002,3,0.0
2016-12-30,0.0,0.0001,54.663700000000006,4,0.0
2017-01-03,0.0,0.0,0.0,1,0.0
2017-01-04,0.0,0.0,0.0,2,0.0
2017-01-05,0.0,0.0002,16.0,3,0.0
2017-01-06,0.0,0.0002,12.1998,4,0.0
2017-01-09,0.0,0.0002,4.0004,0,0.0
2017-01-10,0.0,0.0002,279.9998,1,0.0
2017-01-11,0.0,0.0,0.0,2,0.0
2017-01-12,0.0,0.00015000000000000001,36.171150000000004,3,1.0
2017-01-13,0.0,0.00015000000000000001,2824.6032000000005,4,1.0
2017-01-17,37.0,0.00035,22059.4913,1,0.0
2017-01-18,328.0,0.0008500000000000001,118262.31475,2,0.0
2017-01-19,127.0,0.00095,136828.40215,3,0.0
2017-01-20,48.0,0.0006,30138.2718,4,0.0
2017-01-23,17.0,0.0006000000000000001,6329.800200000001,0,0.0
2017-01-24,23.0,0.000425,11532.097474999999,1,0.0
2017-01-25,25.0,0.00039999999999999996,5450.7984,2,0.0
2017-01-26,23.0,0.000375,2952.18975,3,0.0
2017-01-27,4.0,0.0003,1099.5498,4,0.0
2017-01-30,11.0,0.000425,2903.589375,0,0.0
2017-01-31,2.0,0.000425,456.45,1,0.0
2017-02-01,2.0,0.0004,305.6,2,0.0
2017-02-02,2.0,0.00039999999999999996,1932.2007999999998,3,0.0
2017-02-03,0.0,0.0004,205.1108,4,0.0
2017-02-06,1.0,0.000375,153.750375,0,0.0
2017-02-07,1.0,0.000375,1448.587125,1,0.0
2017-02-08,10.0,0.00045,3150.9,2,0.0
2017-02-09,0.0,0.0005,539.001,3,0.0
2017-02-10,4.0,0.00039999999999999996,396.9976,4,0.0
2017-02-13,6.0,0.000625,6297.285,0,0.0
2017-02-14,13.0,0.0007250000000000001,2300.28,1,0.0
2017-02-15,21.0,0.000525,3826.5926999999997,2,0.0
2017-02-16,11.0,0.0005,2615.511,3,0.0
2017-02-17,7.0,0.000525,1126.125,4,0.0
2017-02-21,17.0,0.00047499999999999994,2240.9236499999997,1,0.0
2017-02-22,7.0,0.000425,1430.3137,2,0.0
2017-02-23,3.0,0.00035,1400.35,3,0.0
2017-02-24,6.0,0.00035,8878.45,4,0.0
2017-02-27,1.0,0.000325,11576.347899999999,0,0.0
2017-02-28,0.0,0.0003,240.59939999999997,1,0.0
2017-03-01,0.0,0.0,0.0,2,0.0
2017-03-02,12.0,0.000225,4556.025,3,0.0
2017-03-03,0.0,0.00025,5977.5,4,0.0
2017-03-06,15.0,0.00025,10991.763500000001,0,0.0
2017-03-07,10.0,0.00025,2229.3405000000002,1,0.0
2017-03-08,7.0,0.0002,4360.26,2,0.0
2017-03-09,4.0,0.00015000000000000001,4236.986250000001,3,0.0
2017-03-10,1.0,0.0002,212.52700000000002,4,0.0
2017-03-13,11.0,0.0,0.0,0,0.0
2017-03-14,1.0,0.0002,669.86,1,0.0
2017-03-15,0.0,0.000175,459.908925,2,0.0
2017-03-16,0.0,0.0002,1669.2040000000002,3,0.0
2017-03-17,0.0,0.0002,1249.7484,4,0.0
2017-03-20,0.0,0.00025,405.45775000000003,0,0.0
2017-03-21,1.0,0.000175,1960.0,1,0.0
2017-03-22,0.0,0.00015000000000000001,6206.400000000001,2,0.0
2017-03-23,3.0,0.00015000000000000001,6037.657650000001,3,0.0
2017-03-24,14.0,0.00015000000000000001,6660.225,4,0.0
2017-03-27,3.0,0.00015000000000000001,9897.447600000001,0,0.0
2017-03-28,2.0,0.00015000000000000001,6129.51795,1,0.0
2017-03-29,2.0,0.00015000000000000001,6165.135,2,0.0
2017-03-30,4.0,0.0001,5118.0685,3,1.0
2017-03-31,6.0,0.00015000000000000001,7134.516750000001,4,0.0
2017-04-03,71.0,0.000325,102865.35024999999,0,0.0
2017-04-04,45.0,0.000375,52021.236750000004,1,0.0
2017-04-05,42.0,0.000225,31385.9457,2,0.0
2017-04-06,11.0,0.000175,11403.000175,3,0.0
2017-04-07,37.0,0.000175,12160.15325,4,0.0
2017-04-10,15.0,0.000175,33309.248875,0,0.0
2017-04-11,6.0,0.0002,201.4002,1,0.0
2017-04-12,13.0,0.000175,19633.1247,2,0.0
2017-04-13,2.0,0.000175,726.25035,3,0.0
2017-04-17,1.0,0.00015000000000000001,360.0192,0,0.0
2017-04-18,17.0,0.00015000000000000001,42601.49250000001,1,0.0
2017-04-19,7.0,0.00015000000000000001,5360.894850000001,2,0.0
2017-04-20,8.0,0.00015000000000000001,45778.2465,3,0.0
2017-04-21,3.0,0.00015000000000000001,4788.12765,4,0.0
2017-04-24,4.0,0.00015000000000000001,2259.0001500000003,0,0.0
2017-04-25,16.0,0.00015000000000000001,9303.2703,1,0.0
2017-04-26,4.0,0.000125,10840.031875,2,0.0
2017-04-27,2.0,0.00015000000000000001,16548.0,3,0.0
2017-04-28,19.0,0.000125,2950.75075,4,0.0
2017-05-01,7.0,0.0001,9835.5267,0,0.0
2017-05-02,4.0,0.00015000000000000001,1767.29985,1,0.0
2017-05-03,3.0,0.00015000000000000001,3755.4132000000004,2,0.0
2017-05-04,9.0,0.000175,324.275,3,0.0
2017-05-05,2.0,0.00015000000000000001,181.75005000000002,4,0.0
2017-05-08,2.0,0.000125,780.0,0,0.0
2017-05-09,1.0,0.00015000000000000001,2067.8253,1,0.0
2017-05-10,0.0,0.0001,3844.5001,2,0.0
2017-05-11,1.0,0.000125,704.659625,3,0.0
2017-05-12,0.0,0.0002,24.3,4,0.0
2017-05-15,0.0,0.0001,141.5002,0,0.0
2017-05-16,0.0,0.00015000000000000001,840.0000000000001,1,0.0
2017-05-17,1.0,0.0001,329.73380000000003,2,1.0
2017-05-18,4.0,0.00015000000000000001,937.5000000000001,3,1.0
2017-05-19,0.0,0.0002,201.0,4,1.0
2017-05-22,0.0,0.000175,3364.84085,0,1.0
2017-05-23,808.0,0.00065,1213442.8085,1,1.0
2017-05-24,1341.0,0.001725,1884194.36775,2,0.0
2017-05-25,869.0,0.00165,1043396.5575,3,0.0
2017-05-26,565.0,0.001575,466994.76075,4,0.0
2017-05-30,378.0,0.0014999999999999998,375673.9469999999,1,0.0
2017-05-31,994.0,0.001475,1119165.8375,2,0.0
2017-06-01,633.0,0.0012749999999999999,435713.27249999996,3,0.0
2017-06-02,380.0,0.001125,168948.1035,4,0.0
2017-06-05,357.0,0.0008749999999999999,242074.07875,0,0.0
2017-06-06,333.0,0.000575,277032.884,1,0.0
2017-06-07,357.0,0.00045,318987.94049999997,2,0.0
2017-06-08,258.0,0.00039999999999999996,52901.551999999996,3,0.0
2017-06-09,306.0,0.0005,167777.9,4,0.0
2017-06-12,256.0,0.000575,146883.713775,0,0.0
2017-06-13,201.0,0.000575,33691.482725,1,0.0
2017-06-14,418.0,0.0007,206287.991,2,0.0
2017-06-15,239.0,0.00085,79503.21065,3,0.0
2017-06-16,132.0,0.000775,53948.621875,4,0.0
2017-06-19,138.0,0.0007000000000000001,69546.1459,0,0.0
2017-06-20,129.0,0.0006,28986.947399999997,1,0.0
2017-06-21,206.0,0.0005499999999999999,114880.70494999998,2,0.0
2017-06-22,82.0,0.0005,62199.9945,3,0.0
2017-06-23,126.0,0.00039999999999999996,26597.574399999998,4,0.0
2017-06-26,51.0,0.00037499999999999995,5621.800499999999,0,0.0
2017-06-27,68.0,0.000425,3141.9948249999998,1,0.0
2017-06-28,202.0,0.000525,43717.387875,2,0.0
2017-06-29,153.0,0.0006,24879.8952,3,0.0
2017-06-30,121.0,0.000575,21230.74225,4,0.0
2017-07-03,35.0,0.0005499999999999999,6010.615049999999,0,0.0
2017-07-05,132.0,0.0005499999999999999,38397.22205,2,0.0
2017-07-06,199.0,0.0005499999999999999,136055.6615,3,0.0
2017-07-07,172.0,0.00055,51595.00665,4,0.0
2017-07-10,86.0,0.000575,31247.0318,0,0.0
2017-07-11,74.0,0.000525,26942.514375,1,0.0
2017-07-12,73.0,0.000475,33289.219325,2,0.0
2017-07-13,56.0,0.00045,21983.897699999998,3,0.0
2017-07-14,38.0,0.000425,24697.7258,4,0.0
2017-07-17,27.0,0.000375,20203.365,0,0.0
2017-07-18,111.0,0.00037499999999999995,160348.06124999997,1,0.0
2017-07-19,147.0,0.0003,76739.1411,2,0.0
2017-07-20,102.0,0.00027499999999999996,13627.257874999998,3,0.0
2017-07-21,60.0,0.00027499999999999996,13285.463124999998,4,0.0
2017-07-24,140.0,0.000325,120285.09999999999,0,0.0
2017-07-25,134.0,0.000375,87537.97575,1,0.0
2017-07-26,133.0,0.00039999999999999996,80758.74879999999,2,0.0
2017-07-27,291.0,0.000425,299518.90725,3,0.0
2017-07-28,330.0,0.00039999999999999996,176958.08,4,0.0
2017-07-31,283.0,0.000325,102531.12024999999,0,0.0
2017-08-01,217.0,0.000325,114356.879,1,0.0
2017-08-02,334.0,0.00025,123251.445,2,0.0
2017-08-03,187.0,0.000175,154033.8415,3,0.0
2017-08-04,82.0,0.00015000000000000001,34504.87965,4,0.0
2017-08-07,31.0,0.00015000000000000001,4764.76695,0,0.0
2017-08-08,28.0,0.00015000000000000001,8067.497400000001,1,0.0
2017-08-09,46.0,0.000175,7552.474125,2,
2017-08-10,15.0,0.000125,4232.712625,3,
2017-08-11,21.0,0.000125,4236.108,4,
2017-08-14,21.0,0.000125,32401.736375,0,
2017-08-15,29.0,0.00015000000000000001,3866.6251500000003,1,
2017-08-16,34.0,0.00015000000000000001,1071.4426500000002,2,
2017-08-17,29.0,0.00015000000000000001,5474.655000000001,3,
2017-08-18,1.0,0.000125,4214.7525000000005,4,
2017-08-21,8.0,0.00015000000000000001,1743.4894500000003,0,
2017-08-22,12.0,0.00015000000000000001,852.6666000000001,1,
2017-08-23,14.0,0.0,0.0,2,
