Date,Open,High,Low,Close,Volume
2012-12-11,0.0303,0.0303,0.0303,0.0303,33000.0
2012-12-12,0.0303,0.0303,0.0303,0.0303,0.0
2012-12-13,0.0303,0.0303,0.0303,0.0303,0.0
2012-12-14,0.0303,0.0303,0.0303,0.0303,0.0
2012-12-17,0.0303,0.0303,0.0303,0.0303,0.0
2012-12-18,0.0303,0.0303,0.0303,0.0303,0.0
2012-12-19,0.0303,0.0303,0.0303,0.0303,0.0
2012-12-20,0.0303,0.0303,0.0303,0.0303,0.0
2012-12-21,0.0303,0.0303,0.0303,0.0303,0.0
2012-12-24,0.0303,0.0303,0.0303,0.0303,0.0
2012-12-25,0.0303,0.0303,0.0303,0.0303,0.0
2012-12-26,0.0303,0.0303,0.0303,0.0303,0.0
2012-12-27,0.0303,0.0303,0.0303,0.0303,0.0
2012-12-28,0.0303,0.0303,0.0303,0.0303,0.0
2012-12-31,0.0303,0.0303,0.0303,0.0303,0.0
2013-01-01,0.0303,0.0303,0.0303,0.0303,0.0
2013-01-02,0.0303,0.0303,0.0303,0.0303,0.0
2013-01-03,0.0303,0.0303,0.0303,0.0303,0.0
2013-01-04,0.0303,0.0303,0.0303,0.0303,0.0
2013-01-07,0.0303,0.0303,0.0303,0.0303,0.0
2013-01-08,0.0303,0.0303,0.0303,0.0303,0.0
2013-01-09,0.0303,0.0303,0.0303,0.0303,0.0
2013-01-10,0.0303,0.0303,0.0303,0.0303,0.0
2013-01-11,0.0303,0.0303,0.0303,0.0303,0.0
2013-01-14,0.0303,0.0303,0.0303,0.0303,0.0
2013-01-15,0.0303,0.0303,0.0303,0.0303,0.0
2013-01-16,0.0303,0.0303,0.0303,0.0303,0.0
2013-01-17,0.0303,0.0303,0.0303,0.0303,0.0
2013-01-18,0.0303,0.0303,0.0303,0.0303,0.0
2013-01-21,0.0303,0.0303,0.0303,0.0303,0.0
2013-01-22,0.0303,0.0303,0.0303,0.0303,0.0
2013-01-23,0.3,0.5,0.3,0.5,25425.0
2013-01-24,0.3,0.5,0.3,0.5,0.0
2013-01-25,0.3,0.5,0.3,0.5,0.0
2013-01-28,0.3,0.5,0.3,0.5,0.0
2013-01-29,0.3,0.5,0.3,0.5,0.0
2013-01-30,0.3,0.5,0.3,0.5,0.0
2013-01-31,0.3,0.5,0.3,0.5,0.0
2013-02-01,0.3,0.5,0.3,0.5,0.0
2013-02-04,0.3,0.5,0.3,0.5,0.0
2013-02-05,0.3,0.5,0.3,0.5,0.0
2013-02-06,0.3,0.5,0.3,0.5,0.0
2013-02-07,0.3,0.5,0.3,0.5,0.0
2013-02-08,0.3,0.5,0.3,0.5,0.0
2013-02-11,0.3,0.5,0.3,0.5,0.0
2013-02-12,0.3,0.5,0.3,0.5,0.0
2013-02-13,0.3,0.5,0.3,0.5,0.0
2013-02-14,0.3,0.5,0.3,0.5,0.0
2013-02-15,0.3,0.5,0.3,0.5,0.0
2013-02-18,0.3,0.5,0.3,0.5,0.0
2013-02-19,0.3,0.5,0.3,0.5,0.0
2013-02-20,0.3,0.5,0.3,0.5,0.0
2013-02-21,0.3,0.5,0.3,0.5,0.0
2013-02-22,0.3,0.5,0.3,0.5,0.0
2013-02-25,0.3,0.5,0.3,0.5,0.0
2013-02-26,0.3,0.5,0.3,0.5,0.0
2013-02-27,0.3,0.5,0.3,0.5,0.0
2013-02-28,0.3,0.5,0.3,0.5,0.0
2013-03-01,0.3,0.5,0.3,0.5,0.0
2013-03-04,0.3,0.5,0.3,0.5,0.0
2013-03-05,0.3,0.5,0.3,0.5,0.0
2013-03-06,0.3,0.5,0.3,0.5,0.0
2013-03-07,0.3,0.5,0.3,0.5,0.0
2013-03-08,0.3,0.5,0.3,0.5,0.0
2013-03-11,0.3,0.5,0.3,0.5,0.0
2013-03-12,0.3,0.5,0.3,0.5,0.0
2013-03-13,0.3,0.5,0.3,0.5,0.0
2013-03-14,0.3,0.5,0.3,0.5,0.0
2013-03-15,0.3,0.5,0.3,0.5,0.0
2013-03-18,0.3,0.5,0.3,0.5,0.0
2013-03-19,0.3,0.5,0.3,0.5,0.0
2013-03-20,0.3,0.5,0.3,0.5,0.0
2013-03-21,0.3,0.5,0.3,0.5,0.0
2013-03-22,0.3,0.5,0.3,0.5,0.0
2013-03-25,0.3,0.5,0.3,0.5,0.0
2013-03-26,0.3,0.5,0.3,0.5,0.0
2013-03-27,0.3,0.5,0.3,0.5,0.0
2013-03-28,0.3,0.5,0.3,0.5,0.0
2013-03-29,0.3,0.5,0.3,0.5,0.0
2013-04-01,0.3,0.5,0.3,0.5,0.0
2013-04-02,0.3,0.5,0.3,0.5,0.0
2013-04-03,0.3,0.5,0.3,0.5,0.0
2013-04-04,0.3,0.5,0.3,0.5,0.0
2013-04-05,0.3,0.5,0.3,0.5,0.0
2013-04-08,0.5,0.5,0.5,0.5,425.0
2013-04-09,0.5,0.5,0.5,0.5,0.0
2013-04-10,0.5,0.5,0.5,0.5,0.0
2013-04-11,0.5,0.5,0.5,0.5,0.0
2013-04-12,0.5,0.5,0.5,0.5,0.0
2013-04-15,0.5,0.5,0.5,0.5,0.0
2013-04-16,0.5,0.5,0.5,0.5,0.0
2013-04-17,0.5,0.5,0.5,0.5,0.0
2013-04-18,0.5,0.5,0.5,0.5,0.0
2013-04-19,0.5,0.5,0.5,0.5,0.0
2013-04-22,0.5,0.5,0.5,0.5,0.0
2013-04-23,0.5,0.5,0.5,0.5,0.0
2013-04-24,0.5,0.5,0.5,0.5,0.0
2013-04-25,0.5,0.5,0.5,0.5,0.0
2013-04-26,0.5,0.5,0.5,0.5,0.0
2013-04-29,0.5,0.5,0.5,0.5,0.0
2013-04-30,0.5,0.5,0.5,0.5,0.0
2013-05-01,0.5,0.5,0.5,0.5,0.0
2013-05-02,0.5,0.5,0.5,0.5,0.0
2013-05-03,0.5,0.5,0.5,0.5,0.0
2013-05-06,0.5,0.5,0.5,0.5,0.0
2013-05-07,0.5,0.5,0.5,0.5,0.0
2013-05-08,0.5,0.5,0.5,0.5,0.0
2013-05-09,0.5,0.5,0.5,0.5,0.0
2013-05-10,0.5,0.5,0.5,0.5,0.0
2013-05-13,0.5,0.5,0.5,0.5,0.0
2013-05-14,0.5,0.5,0.5,0.5,0.0
2013-05-15,0.5,0.5,0.5,0.5,0.0
2013-05-16,0.5,0.5,0.5,0.5,0.0
2013-05-17,0.5,0.5,0.5,0.5,0.0
2013-05-20,0.5,0.5,0.5,0.5,0.0
2013-05-21,0.5,0.5,0.5,0.5,0.0
2013-05-22,0.5,0.5,0.5,0.5,0.0
2013-05-23,0.5,0.5,0.5,0.5,0.0
2013-05-24,0.5,0.5,0.5,0.5,0.0
2013-05-27,0.5,0.5,0.5,0.5,0.0
2013-05-28,0.5,0.5,0.5,0.5,0.0
2013-05-29,0.5,0.5,0.5,0.5,0.0
2013-05-30,0.5,0.5,0.5,0.5,0.0
2013-05-31,0.5,0.5,0.5,0.5,0.0
2013-06-03,0.5,0.5,0.5,0.5,0.0
2013-06-04,0.5,0.5,0.5,0.5,0.0
2013-06-05,0.5,0.5,0.5,0.5,0.0
2013-06-06,0.5,0.5,0.5,0.5,0.0
2013-06-07,0.5,0.5,0.5,0.5,0.0
2013-06-10,0.5,0.5,0.5,0.5,0.0
2013-06-11,0.5,0.5,0.5,0.5,0.0
2013-06-12,0.5,0.5,0.5,0.5,0.0
2013-06-13,0.5,0.5,0.5,0.5,0.0
2013-06-14,0.5,0.5,0.5,0.5,0.0
2013-06-17,0.5,0.5,0.5,0.5,0.0
2013-06-18,0.5,0.5,0.5,0.5,0.0
2013-06-19,0.5,0.5,0.5,0.5,0.0
2013-06-20,0.5,0.5,0.5,0.5,0.0
2013-06-21,0.5,0.5,0.5,0.5,0.0
2013-06-24,0.5,0.5,0.5,0.5,0.0
2013-06-25,0.5,0.5,0.5,0.5,0.0
2013-06-26,0.5,0.5,0.5,0.5,0.0
2013-06-27,0.5,0.5,0.5,0.5,0.0
2013-06-28,0.5,0.5,0.5,0.5,0.0
2013-07-01,0.5,0.5,0.5,0.5,0.0
2013-07-02,0.5,0.5,0.5,0.5,0.0
2013-07-03,0.5,0.5,0.5,0.5,0.0
2013-07-04,0.5,0.5,0.5,0.5,0.0
2013-07-05,0.5,0.5,0.5,0.5,0.0
2013-07-08,0.5,0.5,0.5,0.5,0.0
2013-07-09,0.5,0.5,0.5,0.5,0.0
2013-07-10,0.5,0.5,0.5,0.5,0.0
2013-07-11,0.5,0.5,0.5,0.5,0.0
2013-07-12,0.5,0.5,0.5,0.5,0.0
2013-07-15,0.5,0.5,0.5,0.5,0.0
2013-07-16,0.5,0.5,0.5,0.5,0.0
2013-07-17,0.5,0.5,0.5,0.5,0.0
2013-07-18,0.5,0.5,0.5,0.5,0.0
2013-07-19,0.5,0.5,0.5,0.5,0.0
2013-07-22,0.5,0.5,0.5,0.5,0.0
2013-07-23,0.5,0.5,0.5,0.5,0.0
2013-07-24,0.5,0.5,0.5,0.5,0.0
2013-07-25,0.5,0.5,0.5,0.5,0.0
2013-07-26,0.5,0.5,0.5,0.5,0.0
2013-07-29,0.5,0.5,0.5,0.5,0.0
2013-07-30,0.5,0.5,0.5,0.5,0.0
2013-07-31,0.5,0.5,0.5,0.5,0.0
2013-08-01,0.5,0.5,0.5,0.5,0.0
2013-08-02,0.5,0.5,0.5,0.5,0.0
2013-08-05,0.5,0.5,0.5,0.5,0.0
2013-08-06,0.5,0.5,0.5,0.5,0.0
2013-08-07,0.53,0.53,0.53,0.53,8000.0
2013-08-08,0.53,0.53,0.53,0.53,1120.0
2013-08-09,0.53,0.53,0.53,0.53,600.0
2013-08-12,0.53,0.53,0.53,0.53,3400.0
2013-08-13,0.53,0.6,0.53,0.6,8650.0
2013-08-14,0.53,0.6,0.53,0.6,0.0
2013-08-15,0.53,0.6,0.53,0.6,0.0
2013-08-16,0.53,0.6,0.53,0.6,0.0
2013-08-19,0.53,0.6,0.53,0.6,0.0
2013-08-20,0.5966,0.5972,0.56,0.5972,11600.0
2013-08-21,0.5972,0.6,0.5972,0.6,1500.0
2013-08-22,0.6,0.6,0.6,0.6,1100.0
2013-08-23,0.6,0.6,0.6,0.6,4930.0
2013-08-26,0.6,0.6,0.6,0.6,1700.0
2013-08-27,0.6,0.6,0.6,0.6,3650.0
2013-08-28,0.6,0.6,0.6,0.6,0.0
2013-08-29,0.6,0.6,0.6,0.6,0.0
2013-08-30,0.6,0.6,0.6,0.6,987.0
2013-09-02,0.6,0.6,0.6,0.6,0.0
2013-09-03,0.6,0.6,0.6,0.6,125.0
2013-09-04,0.56,0.56,0.56,0.56,200.0
2013-09-05,0.56,0.56,0.56,0.56,0.0
2013-09-06,0.56,0.56,0.56,0.56,0.0
2013-09-09,0.56,0.56,0.56,0.56,500.0
2013-09-10,0.56,0.56,0.56,0.56,0.0
2013-09-11,0.6,0.6,0.6,0.6,1000.0
2013-09-12,0.56,0.56,0.56,0.56,2000.0
2013-09-13,0.56,0.56,0.56,0.56,0.0
2013-09-16,0.56,0.56,0.56,0.56,0.0
2013-09-17,0.56,0.56,0.56,0.56,0.0
2013-09-18,0.56,0.56,0.56,0.56,0.0
2013-09-19,0.52,0.52,0.52,0.52,3000.0
2013-09-20,0.52,0.52,0.4,0.5,1700.0
2013-09-23,0.45,0.45,0.45,0.45,2000.0
2013-09-24,0.45,0.45,0.45,0.45,0.0
2013-09-25,0.45,0.45,0.45,0.45,0.0
2013-09-26,0.45,0.45,0.45,0.45,0.0
2013-09-27,0.45,0.45,0.45,0.45,0.0
2013-09-30,0.45,0.45,0.45,0.45,0.0
2013-10-01,0.45,0.45,0.45,0.45,0.0
2013-10-02,0.45,0.45,0.45,0.45,1500.0
2013-10-03,0.45,0.45,0.45,0.45,0.0
2013-10-04,0.45,0.45,0.45,0.45,0.0
2013-10-07,0.5,0.5,0.5,0.5,500.0
2013-10-08,0.5,0.5,0.5,0.5,0.0
2013-10-09,0.5,0.5,0.5,0.5,0.0
2013-10-10,0.5,0.5,0.5,0.5,0.0
2013-10-11,0.5,0.5,0.5,0.5,0.0
2013-10-14,0.5,0.5,0.5,0.5,0.0
2013-10-15,0.5,0.5,0.5,0.5,0.0
2013-10-16,0.5,0.5,0.5,0.5,0.0
2013-10-17,0.5,0.5,0.5,0.5,0.0
2013-10-18,0.5,0.5,0.5,0.5,0.0
2013-10-21,0.5,0.5,0.5,0.5,0.0
2013-10-22,0.5,0.5,0.5,0.5,0.0
2013-10-23,0.5,0.5,0.5,0.5,0.0
2013-10-24,0.5,0.5,0.5,0.5,0.0
2013-10-25,0.5,0.5,0.5,0.5,0.0
2013-10-28,0.5,0.5,0.5,0.5,0.0
2013-10-29,0.5,0.5,0.5,0.5,0.0
2013-10-30,0.5,0.5,0.5,0.5,0.0
2013-10-31,0.5,0.5,0.5,0.5,0.0
2013-11-01,0.5,0.5,0.5,0.5,0.0
2013-11-04,0.5,0.5,0.5,0.5,0.0
2013-11-05,0.5,0.5,0.5,0.5,0.0
2013-11-06,0.5,0.5,0.5,0.5,0.0
2013-11-07,0.5,0.5,0.5,0.5,0.0
2013-11-08,0.45,0.45,0.45,0.45,200.0
2013-11-11,0.45,0.45,0.45,0.45,0.0
2013-11-12,0.45,0.45,0.45,0.45,0.0
2013-11-13,0.45,0.45,0.45,0.45,933.0
2013-11-14,0.45,0.45,0.45,0.45,0.0
2013-11-15,0.45,0.45,0.45,0.45,0.0
2013-11-18,0.45,0.45,0.45,0.45,0.0
2013-11-19,0.45,0.45,0.45,0.45,0.0
2013-11-20,0.45,0.45,0.45,0.45,0.0
2013-11-21,0.45,0.45,0.45,0.45,0.0
2013-11-22,0.45,0.45,0.45,0.45,100.0
2013-11-25,0.45,0.45,0.45,0.45,0.0
2013-11-26,0.45,0.45,0.45,0.45,0.0
2013-11-27,0.45,0.45,0.45,0.45,0.0
2013-11-28,0.45,0.45,0.45,0.45,0.0
2013-11-29,0.45,0.45,0.45,0.45,0.0
2013-12-02,0.45,0.45,0.45,0.45,0.0
2013-12-03,0.45,0.45,0.45,0.45,0.0
2013-12-04,0.45,0.45,0.45,0.45,0.0
2013-12-05,0.45,0.45,0.45,0.45,0.0
2013-12-06,0.45,0.45,0.45,0.45,0.0
2013-12-09,0.45,0.45,0.45,0.45,0.0
2013-12-10,0.45,0.45,0.45,0.45,0.0
2013-12-11,0.45,0.45,0.45,0.45,0.0
2013-12-12,0.45,0.45,0.45,0.45,0.0
2013-12-13,0.45,0.45,0.45,0.45,0.0
2013-12-16,0.45,0.45,0.45,0.45,0.0
2013-12-17,0.45,0.45,0.45,0.45,0.0
2013-12-18,0.45,0.45,0.45,0.45,0.0
2013-12-19,0.45,0.45,0.45,0.45,0.0
2013-12-20,0.45,0.45,0.45,0.45,0.0
2013-12-23,0.45,0.45,0.45,0.45,0.0
2013-12-24,0.45,0.45,0.45,0.45,0.0
2013-12-25,0.45,0.45,0.45,0.45,0.0
2013-12-26,0.45,0.45,0.45,0.45,0.0
2013-12-27,0.45,0.45,0.45,0.45,0.0
2013-12-30,0.45,0.45,0.45,0.45,0.0
2013-12-31,0.45,0.45,0.45,0.45,0.0
2014-01-01,0.45,0.45,0.45,0.45,0.0
2014-01-02,0.45,0.45,0.45,0.45,0.0
2014-01-03,0.45,0.45,0.45,0.45,0.0
2014-01-06,0.45,0.45,0.45,0.45,0.0
2014-01-07,0.45,0.45,0.45,0.45,0.0
2014-01-08,0.45,0.45,0.45,0.45,250.0
2014-01-09,0.45,0.45,0.45,0.45,0.0
2014-01-10,0.45,0.45,0.45,0.45,0.0
2014-01-13,0.45,0.45,0.45,0.45,0.0
2014-01-14,0.45,0.45,0.45,0.45,0.0
2014-01-15,0.45,0.45,0.45,0.45,0.0
2014-01-16,0.45,0.45,0.45,0.45,800.0
2014-01-17,0.45,0.45,0.45,0.45,0.0
2014-01-20,0.45,0.45,0.45,0.45,0.0
2014-01-21,0.45,0.45,0.45,0.45,0.0
2014-01-22,0.45,0.45,0.45,0.45,0.0
2014-01-23,0.45,0.45,0.45,0.45,2479.0
2014-01-24,0.45,0.45,0.45,0.45,0.0
2014-01-27,0.45,0.45,0.45,0.45,0.0
2014-01-28,0.45,0.45,0.45,0.45,0.0
2014-01-29,0.45,0.45,0.45,0.45,0.0
2014-01-30,0.45,0.45,0.45,0.45,0.0
2014-01-31,0.45,0.45,0.45,0.45,0.0
2014-02-03,0.45,0.45,0.45,0.45,0.0
2014-02-04,0.45,0.45,0.45,0.45,0.0
2014-02-05,0.45,0.45,0.45,0.45,0.0
2014-02-06,0.45,0.45,0.45,0.45,300.0
2014-02-07,0.45,0.45,0.45,0.45,1000.0
2014-02-10,0.45,0.45,0.45,0.45,0.0
2014-02-11,0.45,0.45,0.45,0.45,0.0
2014-02-12,0.45,0.45,0.45,0.45,0.0
2014-02-13,0.45,0.45,0.45,0.45,0.0
2014-02-14,0.45,0.45,0.45,0.45,0.0
2014-02-17,0.45,0.45,0.45,0.45,0.0
2014-02-18,0.45,0.45,0.45,0.45,0.0
2014-02-19,0.45,0.45,0.45,0.45,0.0
2014-02-20,0.45,0.45,0.45,0.45,950.0
2014-02-21,0.45,0.45,0.45,0.45,0.0
2014-02-24,0.45,0.45,0.45,0.45,0.0
2014-02-25,0.45,0.45,0.45,0.45,0.0
2014-02-26,0.45,0.45,0.45,0.45,0.0
2014-02-27,0.45,0.45,0.45,0.45,0.0
2014-02-28,0.45,0.45,0.45,0.45,0.0
2014-03-03,0.45,0.45,0.45,0.45,0.0
2014-03-04,0.45,0.45,0.45,0.45,0.0
2014-03-05,0.45,0.45,0.45,0.45,0.0
2014-03-06,0.45,0.45,0.45,0.45,0.0
2014-03-07,0.45,0.45,0.45,0.45,154.0
2014-03-10,0.45,0.45,0.45,0.45,0.0
2014-03-11,0.45,0.45,0.45,0.45,0.0
2014-03-12,0.45,0.45,0.45,0.45,0.0
2014-03-13,0.45,0.45,0.45,0.45,0.0
2014-03-14,0.45,0.45,0.45,0.45,0.0
2014-03-17,0.45,0.45,0.45,0.45,0.0
2014-03-18,0.45,0.45,0.45,0.45,300025.0
2014-03-19,0.45,0.45,0.45,0.45,0.0
2014-03-20,0.45,0.45,0.45,0.45,0.0
2014-03-21,0.45,0.45,0.45,0.45,0.0
2014-03-24,0.45,0.45,0.45,0.45,0.0
2014-03-25,0.45,0.45,0.45,0.45,0.0
2014-03-26,0.45,0.45,0.45,0.45,0.0
2014-03-27,0.45,0.45,0.45,0.45,0.0
2014-03-28,0.51,0.51,0.51,0.51,3700.0
2014-03-31,0.51,0.51,0.51,0.51,0.0
2014-04-01,0.51,0.51,0.51,0.51,0.0
2014-04-02,0.51,0.51,0.51,0.51,0.0
2014-04-03,0.51,0.51,0.51,0.51,0.0
2014-04-04,0.51,0.51,0.51,0.51,0.0
2014-04-07,0.51,0.51,0.51,0.51,0.0
2014-04-08,0.65,0.7,0.65,0.7,34937.0
2014-04-09,0.8,0.9,0.8,0.89,187945.0
2014-04-10,0.8999,1.19,0.8999,1.09,236149.0
2014-04-11,1.12,1.18,1.12,1.17,163774.0
2014-04-14,1.19,1.2,0.77,0.85,198099.0
2014-04-15,0.7001,0.8,0.7,0.8,95356.0
2014-04-16,0.8,0.9,0.79,0.9,7656.0
2014-04-17,0.87,0.87,0.81,0.81,5726.0
2014-04-18,0.87,0.87,0.81,0.81,0.0
2014-04-21,0.81,0.86,0.81,0.81,3830.0
2014-04-22,0.81,0.87,0.81,0.87,6517.0
2014-04-23,0.8699,0.8699,0.83,0.83,7035.0
2014-04-24,0.83,0.85,0.8,0.8,4750.0
2014-04-25,0.76,0.81,0.65,0.75,14237.0
2014-04-28,0.83,0.83,0.75,0.75,5810.0
2014-04-29,0.83,0.83,0.75,0.75,0.0
2014-04-30,0.7,0.7,0.7,0.7,1640.0
2014-05-01,0.7,0.7,0.7,0.7,1475.0
2014-05-02,0.7,0.7,0.7,0.7,3740.0
2014-05-05,0.8699,0.9,0.7,0.88,164745.0
2014-05-06,0.95,0.95,0.805,0.84,88302.0
2014-05-07,0.8999,0.8999,0.84,0.89,131341.0
2014-05-08,0.9499,0.9499,0.8,0.85,113456.0
2014-05-09,0.86,0.86,0.7401,0.7509999999999999,138813.0
2014-05-12,0.7,0.74,0.6501,0.725,75582.0
2014-05-13,0.67,0.7,0.525,0.53,108374.0
2014-05-14,0.53,0.6,0.53,0.6,17458.0
2014-05-15,0.76,0.76,0.532,0.635,68775.0
2014-05-16,0.5501,0.6,0.42,0.48,78861.0
2014-05-19,0.48,0.51,0.48,0.5,12120.0
2014-05-20,0.43,0.47,0.43,0.4301,4272.0
2014-05-21,0.4301,0.4301,0.365,0.37,35165.0
2014-05-22,0.34,0.39,0.34,0.35,3630.0
2014-05-23,0.39,0.39,0.26,0.33,18350.0
2014-05-26,0.39,0.39,0.26,0.33,0.0
2014-05-27,0.26,0.32,0.26,0.31,16965.0
2014-05-28,0.26,0.31,0.26,0.31,15672.0
2014-05-29,0.25,0.27,0.25,0.26,17760.0
2014-05-30,0.25,0.31,0.25,0.25,9095.0
2014-06-02,0.25,0.27,0.25,0.27,2850.0
2014-06-03,0.27,0.27,0.24,0.27,19310.0
2014-06-04,0.27,0.27,0.24,0.27,0.0
2014-06-05,0.27,0.27,0.24,0.24,5425.0
2014-06-06,0.26,0.26,0.26,0.26,1030.0
2014-06-09,0.27,0.27,0.27,0.27,1500.0
2014-06-10,0.27,0.27,0.27,0.27,625.0
2014-06-11,0.27,0.27,0.2001,0.2001,300.0
2014-06-12,0.2001,0.26,0.2001,0.25,12368.0
2014-06-13,0.25,0.25,0.23,0.25,4057.0
2014-06-16,0.23,0.23,0.23,0.23,1132.0
2014-06-17,0.23,0.23,0.23,0.23,4050.0
2014-06-18,0.23,0.23,0.23,0.23,250.0
2014-06-19,0.25,0.25,0.25,0.25,6804.0
2014-06-20,0.25,0.25,0.25,0.25,0.0
2014-06-23,0.25,0.25,0.25,0.25,3000.0
2014-06-24,0.25,0.25,0.22,0.22,2500.0
2014-06-25,0.25,0.25,0.25,0.25,1000.0
2014-06-26,0.23,0.23,0.21,0.21,10500.0
2014-06-27,0.193,0.2,0.165,0.165,18468.0
2014-06-30,0.17,0.18,0.17,0.18,5270.0
2014-07-01,0.183,0.19,0.183,0.183,2630.0
2014-07-02,0.183,0.19,0.183,0.183,0.0
2014-07-03,0.184,0.18899999999999997,0.184,0.1845,2866.0
2014-07-04,0.184,0.18899999999999997,0.184,0.1845,0.0
2014-07-07,0.18899999999999997,0.2,0.18899999999999997,0.195,12575.0
2014-07-08,0.195,0.2,0.195,0.195,6130.0
2014-07-09,0.193,0.2,0.193,0.193,7406.0
2014-07-10,0.25,0.29,0.2,0.29,14184.0
2014-07-11,0.29,0.29,0.29,0.29,3800.0
2014-07-14,0.275,0.275,0.275,0.275,1000.0
2014-07-15,0.275,0.275,0.275,0.275,0.0
2014-07-16,0.275,0.275,0.275,0.275,1500.0
2014-07-17,0.275,0.3,0.27,0.3,2687.0
2014-07-18,0.3,0.3,0.3,0.3,862.0
2014-07-21,0.27,0.27,0.27,0.27,1000.0
2014-07-22,0.21,0.5,0.21,0.4,40492.0
2014-07-23,0.47,0.47,0.35100000000000003,0.4,80102.0
2014-07-24,0.47,0.47,0.32,0.32,7900.0
2014-07-25,0.43,0.47,0.43,0.47,20844.0
2014-07-28,0.47,0.47,0.47,0.47,4464.0
2014-07-29,0.48,0.75,0.48,0.53,29045.0
2014-07-30,0.48,0.75,0.48,0.53,0.0
2014-07-31,0.65,0.65,0.59,0.6,22260.0
2014-08-01,0.7,0.7,0.65,0.7,7327.0
2014-08-04,0.7,0.8,0.6011,0.7,47551.0
2014-08-05,0.75,0.8,0.75,0.75,62190.0
2014-08-06,0.795,0.795,0.7202,0.7401,19253.0
2014-08-07,0.76,0.76,0.76,0.76,3700.0
2014-08-08,0.795,0.8,0.7402,0.77,12350.0
2014-08-11,0.6181,0.73,0.6001,0.61,44562.0
2014-08-12,0.61,0.65,0.61,0.65,6954.0
2014-08-13,0.65,0.65,0.65,0.65,400.0
2014-08-14,0.65,0.8,0.65,0.77,29345.0
2014-08-15,0.77,0.77,0.6601,0.7499,9658.0
2014-08-18,0.6651,0.6899,0.65,0.665,21733.0
2014-08-19,0.68,0.68,0.68,0.68,1700.0
2014-08-20,0.71,0.71,0.71,0.71,3600.0
2014-08-21,0.64,0.71,0.56,0.65,30475.0
2014-08-22,0.5401,0.72,0.5401,0.7,6400.0
2014-08-25,0.7,0.7,0.65,0.65,15000.0
2014-08-26,0.75,0.75,0.67,0.67,21000.0
2014-08-27,0.77,0.77,0.4422,0.75,11798.0
2014-08-28,0.75,0.75,0.68,0.68,41187.0
2014-08-29,0.7,0.7,0.552,0.6185,30400.0
2014-09-01,0.7,0.7,0.552,0.6185,0.0
2014-09-02,0.6899,0.7,0.5901,0.5901,15000.0
2014-09-03,0.65,0.65,0.5205,0.65,8817.0
2014-09-04,0.65,0.65,0.5205,0.65,0.0
2014-09-05,0.65,0.65,0.5205,0.65,0.0
2014-09-08,0.65,0.65,0.5205,0.65,0.0
2014-09-09,0.65,0.65,0.5205,0.65,0.0
2014-09-10,0.6,0.6,0.5601,0.599,9138.0
2014-09-11,0.561,0.561,0.561,0.561,1000.0
2014-09-12,0.42,0.55,0.42,0.5,8495.0
2014-09-15,0.4021,0.42,0.4021,0.42,655.0
2014-09-16,0.4021,0.55,0.4021,0.55,458.0
2014-09-17,0.4021,0.55,0.4021,0.55,0.0
2014-09-18,0.4249,0.425,0.38,0.38,2356.0
2014-09-19,0.35,0.35,0.32,0.35,15710.0
2014-09-22,0.32,0.3945,0.3,0.3945,30524.0
2014-09-23,0.45,0.45,0.395,0.395,3899.0
2014-09-24,0.395,0.4,0.395,0.4,11500.0
2014-09-25,0.4,0.44,0.4,0.44,7600.0
2014-09-26,0.4,0.44,0.4,0.44,0.0
2014-09-29,0.45,0.45,0.45,0.45,3565.0
2014-09-30,0.45,0.45,0.4499,0.45,2378.0
2014-10-01,0.45,0.45,0.4499,0.45,0.0
2014-10-02,0.43,0.5,0.332,0.332,6355.0
2014-10-03,0.43,0.5,0.332,0.332,0.0
2014-10-06,0.3301,0.34,0.3301,0.3301,3500.0
2014-10-07,0.43,0.52,0.43,0.52,6395.0
2014-10-08,0.5,0.52,0.3,0.52,4659.0
2014-10-09,0.5,0.52,0.3,0.52,0.0
2014-10-10,0.5,0.52,0.3,0.52,0.0
2014-10-13,0.5,0.52,0.3,0.52,0.0
2014-10-14,0.5,0.5,0.5,0.5,3735.0
2014-10-15,0.4,0.4101,0.4,0.4101,2810.0
2014-10-16,0.4,0.4101,0.4,0.4101,0.0
2014-10-17,0.4,0.4101,0.4,0.4101,0.0
2014-10-20,0.42,0.43,0.42,0.43,6300.0
2014-10-21,0.35,0.43,0.35,0.3611,8560.0
2014-10-22,0.3611,0.39,0.361,0.361,8006.0
2014-10-23,0.3611,0.39,0.361,0.361,0.0
2014-10-24,0.3611,0.39,0.361,0.361,0.0
2014-10-27,0.2711,0.375,0.2711,0.375,750.0
2014-10-28,0.34,0.34,0.2501,0.2501,1700.0
2014-10-29,0.26,0.26,0.26,0.26,1000.0
2014-10-30,0.26,0.26,0.26,0.26,0.0
2014-10-31,0.26,0.26,0.26,0.26,0.0
2014-11-03,0.26,0.26,0.26,0.26,0.0
2014-11-04,0.32,0.32,0.2,0.2,24766.0
2014-11-05,0.21,0.21,0.21,0.21,500.0
2014-11-06,0.25,0.25,0.2,0.2,33146.0
2014-11-07,0.25,0.25,0.2,0.2,0.0
2014-11-10,0.2,0.2,0.2,0.2,510.0
2014-11-11,0.2,0.2,0.2,0.2,0.0
2014-11-12,0.2,0.2,0.2,0.2,600.0
2014-11-13,0.2,0.2,0.2,0.2,7810.0
2014-11-14,0.2,0.2,0.2,0.2,0.0
2014-11-17,0.2,0.2,0.2,0.2,0.0
2014-11-18,0.15,0.163,0.15,0.163,4694.0
2014-11-19,0.163,0.163,0.163,0.163,1800.0
2014-11-20,0.163,0.163,0.163,0.163,0.0
2014-11-21,0.163,0.163,0.163,0.163,0.0
2014-11-24,0.163,0.163,0.163,0.163,0.0
2014-11-25,0.163,0.163,0.163,0.163,0.0
2014-11-26,0.1786,0.1786,0.1786,0.1786,70.0
2014-11-27,0.1786,0.1786,0.1786,0.1786,0.0
2014-11-28,0.1786,0.1786,0.1786,0.1786,0.0
2014-12-01,0.163,0.163,0.15,0.15,2130.0
2014-12-02,0.163,0.163,0.15,0.15,0.0
2014-12-03,0.163,0.163,0.15,0.15,0.0
2014-12-04,0.15,0.15,0.15,0.15,1000.0
2014-12-05,0.15,0.15,0.15,0.15,3500.0
2014-12-08,0.15,0.15,0.15,0.15,1000.0
2014-12-09,0.15,0.15,0.15,0.15,0.0
2014-12-10,0.15,0.15,0.15,0.15,0.0
2014-12-11,0.15,0.15,0.15,0.15,0.0
2014-12-12,0.15,0.15,0.15,0.15,1000.0
2014-12-15,0.15,0.15,0.15,0.15,225.0
2014-12-16,0.15,0.15,0.15,0.15,4519.0
2014-12-17,0.15,0.15,0.15,0.15,0.0
2014-12-18,0.15,0.15,0.15,0.15,0.0
2014-12-19,0.13,0.13,0.13,0.13,9585.0
2014-12-22,0.13,0.13,0.13,0.13,700.0
2014-12-23,0.13,0.13,0.13,0.13,0.0
2014-12-24,0.13,0.13,0.13,0.13,300.0
2014-12-25,0.13,0.13,0.13,0.13,0.0
2014-12-26,0.13,0.13,0.13,0.13,0.0
2014-12-29,0.12,0.12,0.12,0.12,2418.0
2014-12-30,0.12,0.12,0.12,0.12,0.0
2014-12-31,0.1,0.1001,0.1,0.1,4206.0
2015-01-01,0.1,0.1001,0.1,0.1,0.0
2015-01-02,0.085,0.085,0.085,0.085,35140.0
2015-01-05,0.1999,0.1999,0.1999,0.1999,400.0
2015-01-06,0.19899999999999998,0.2,0.19899999999999998,0.2,5390.0
2015-01-07,0.19899999999999998,0.2,0.19899999999999998,0.2,0.0
2015-01-08,0.2,0.2,0.2,0.2,1000.0
2015-01-09,0.2,0.2,0.2,0.2,0.0
2015-01-12,0.2,0.2,0.2,0.2,0.0
2015-01-13,0.2,0.2,0.2,0.2,0.0
2015-01-14,0.08,0.15,0.08,0.15,3350.0
2015-01-15,0.08,0.0801,0.08,0.0801,795.0
2015-01-16,0.08,0.0801,0.08,0.0801,0.0
2015-01-19,0.08,0.0801,0.08,0.0801,0.0
2015-01-20,0.08,0.0801,0.08,0.0801,0.0
2015-01-21,0.08,0.0801,0.08,0.0801,0.0
2015-01-22,0.08,0.0801,0.08,0.0801,0.0
2015-01-23,0.085,0.085,0.085,0.085,200.0
2015-01-26,0.085,0.085,0.085,0.085,0.0
2015-01-27,0.085,0.085,0.085,0.085,0.0
2015-01-28,0.085,0.085,0.085,0.085,0.0
2015-01-29,0.085,0.1,0.085,0.1,3578.0
2015-01-30,0.085,0.1,0.085,0.1,0.0
2015-02-02,0.085,0.1,0.085,0.1,0.0
2015-02-03,0.0701,0.0701,0.0701,0.0701,100.0
2015-02-04,0.0701,0.0701,0.0701,0.0701,0.0
2015-02-05,0.0701,0.0701,0.0701,0.0701,0.0
2015-02-06,0.0701,0.0701,0.0701,0.0701,0.0
2015-02-09,0.0701,0.0701,0.0701,0.0701,0.0
2015-02-10,0.0701,0.0701,0.0701,0.0701,0.0
2015-02-11,0.07,0.07,0.07,0.07,2000.0
2015-02-12,0.1399,0.14,0.13,0.13,10300.0
2015-02-13,0.09,0.1,0.09,0.1,2003.0
2015-02-16,0.09,0.1,0.09,0.1,0.0
2015-02-17,0.09,0.1,0.09,0.1,0.0
2015-02-18,0.09,0.1,0.09,0.1,0.0
2015-02-19,0.09,0.1,0.09,0.1,0.0
2015-02-20,0.1,0.2388,0.1,0.1,4313.0
2015-02-23,0.1,0.1,0.1,0.1,520.0
2015-02-24,0.1,0.1,0.1,0.1,100.0
2015-02-25,0.1,0.1,0.1,0.1,1000.0
2015-02-26,0.105,0.105,0.105,0.105,2000.0
2015-02-27,0.1,0.1,0.1,0.1,4313.0
2015-03-02,0.1,0.1,0.1,0.1,0.0
2015-03-03,0.1,0.1,0.1,0.1,0.0
2015-03-04,0.1045,0.1045,0.1045,0.1045,500.0
2015-03-05,0.1045,0.1045,0.1045,0.1045,0.0
2015-03-06,0.1045,0.1045,0.1045,0.1045,0.0
2015-03-09,0.1045,0.1045,0.1045,0.1045,0.0
2015-03-10,0.1045,0.1045,0.1045,0.1045,0.0
2015-03-11,0.1045,0.1045,0.1045,0.1045,0.0
2015-03-12,0.1045,0.1045,0.1045,0.1045,0.0
2015-03-13,0.1045,0.1045,0.1045,0.1045,0.0
2015-03-16,0.1045,0.1045,0.1045,0.1045,0.0
2015-03-17,0.1045,0.1045,0.1045,0.1045,0.0
2015-03-18,0.1,0.1,0.1,0.1,1000.0
2015-03-19,0.1,0.1,0.1,0.1,0.0
2015-03-20,0.1,0.1,0.1,0.1,2078.0
2015-03-23,0.1,0.1,0.1,0.1,2500.0
2015-03-24,0.1,0.1,0.1,0.1,500.0
2015-03-25,0.1,0.1,0.1,0.1,500.0
2015-03-26,0.1,0.1,0.1,0.1,3885.0
2015-03-27,0.1,0.1,0.1,0.1,0.0
2015-03-30,0.1,0.1,0.1,0.1,0.0
2015-03-31,0.1,0.1,0.1,0.1,0.0
2015-04-01,0.1,0.1,0.1,0.1,0.0
2015-04-02,0.1,0.1,0.1,0.1,1000.0
2015-04-03,0.1,0.1,0.1,0.1,0.0
2015-04-06,0.1,0.1,0.1,0.1,0.0
2015-04-07,0.1,0.1,0.1,0.1,0.0
2015-04-08,0.1,0.1,0.1,0.1,0.0
2015-04-09,0.1,0.1,0.1,0.1,1000.0
2015-04-10,0.1,0.1,0.1,0.1,0.0
2015-04-13,0.1,0.1,0.1,0.1,1950.0
2015-04-14,0.1,0.1,0.1,0.1,100.0
2015-04-15,0.1,0.1,0.1,0.1,0.0
2015-04-16,0.1,0.1,0.1,0.1,0.0
2015-04-17,0.1,0.1,0.1,0.1,2900.0
2015-04-20,0.1,0.1,0.1,0.1,0.0
2015-04-21,0.1,0.1,0.1,0.1,0.0
2015-04-22,0.1,0.1,0.1,0.1,0.0
2015-04-23,0.1,0.1,0.1,0.1,150.0
2015-04-24,0.1,0.1,0.1,0.1,0.0
2015-04-27,0.1,0.1,0.1,0.1,0.0
2015-04-28,0.1,0.1,0.1,0.1,0.0
2015-04-29,0.1,0.1,0.1,0.1,5200.0
2015-04-30,0.1,0.1,0.1,0.1,0.0
2015-05-01,0.1,0.1,0.1,0.1,0.0
2015-05-04,0.1,0.1,0.1,0.1,0.0
2015-05-05,0.1,0.1,0.1,0.1,2000.0
2015-05-06,0.1,0.1,0.1,0.1,390.0
2015-05-07,0.1,0.1,0.1,0.1,0.0
2015-05-08,0.1,0.1,0.1,0.1,2300.0
2015-05-11,0.1,0.1,0.1,0.1,0.0
2015-05-12,0.1,0.1,0.1,0.1,0.0
2015-05-13,0.1,0.1,0.1,0.1,0.0
2015-05-14,0.1,0.1,0.1,0.1,0.0
2015-05-15,0.1,0.1,0.1,0.1,2000.0
2015-05-18,0.1,0.1,0.1,0.1,0.0
2015-05-19,0.1,0.1,0.1,0.1,4900.0
2015-05-20,0.09,0.09,0.09,0.09,6500.0
2015-05-21,0.09,0.09,0.09,0.09,0.0
2015-05-22,0.09,0.09,0.09,0.09,0.0
2015-05-25,0.09,0.09,0.09,0.09,0.0
2015-05-26,0.09,0.09,0.09,0.09,200.0
2015-05-27,0.09,0.09,0.09,0.09,1520.0
2015-05-28,0.09,0.09,0.09,0.09,0.0
2015-05-29,0.09,0.09,0.09,0.09,0.0
2015-06-01,0.09,0.09,0.09,0.09,19428.0
2015-06-02,0.09,0.09,0.09,0.09,0.0
2015-06-03,0.09,0.09,0.09,0.09,0.0
2015-06-04,0.09,0.09,0.09,0.09,0.0
2015-06-05,0.09,0.09,0.09,0.09,0.0
2015-06-08,0.09,0.09,0.09,0.09,0.0
2015-06-09,0.09,0.09,0.09,0.09,0.0
2015-06-10,0.09,0.09,0.09,0.09,0.0
2015-06-11,0.09,0.09,0.09,0.09,0.0
2015-06-12,0.09,0.09,0.09,0.09,0.0
2015-06-15,0.09,0.09,0.09,0.09,3550.0
2015-06-16,0.09,0.09,0.09,0.09,0.0
2015-06-17,0.085,0.085,0.085,0.085,7400.0
2015-06-18,0.085,0.085,0.085,0.085,0.0
2015-06-19,0.085,0.085,0.085,0.085,0.0
2015-06-22,0.085,0.085,0.085,0.085,0.0
2015-06-23,0.085,0.085,0.085,0.085,0.0
2015-06-24,0.085,0.085,0.085,0.085,0.0
2015-06-25,0.085,0.085,0.085,0.085,0.0
2015-06-26,0.085,0.085,0.085,0.085,0.0
2015-06-29,0.085,0.085,0.085,0.085,0.0
2015-06-30,0.08,0.08,0.08,0.08,275.0
2015-07-01,0.08,0.08,0.08,0.08,10000.0
2015-07-02,0.08,0.08,0.08,0.08,0.0
2015-07-03,0.08,0.08,0.08,0.08,0.0
2015-07-06,0.08,0.08,0.08,0.08,0.0
2015-07-07,0.08,0.08,0.08,0.08,0.0
2015-07-08,0.08,0.08,0.08,0.08,0.0
2015-07-09,0.08,0.08,0.08,0.08,0.0
2015-07-10,0.08,0.08,0.08,0.08,0.0
2015-07-13,0.08,0.08,0.08,0.08,0.0
2015-07-14,0.08,0.08,0.08,0.08,0.0
2015-07-15,0.07,0.07,0.07,0.07,500.0
2015-07-16,0.07,0.07,0.07,0.07,0.0
2015-07-17,0.07,0.07,0.07,0.07,0.0
2015-07-20,0.07,0.07,0.07,0.07,0.0
2015-07-21,0.065,0.065,0.065,0.065,3000.0
2015-07-22,0.065,0.065,0.065,0.065,0.0
2015-07-23,0.065,0.065,0.065,0.065,0.0
2015-07-24,0.065,0.065,0.065,0.065,0.0
2015-07-27,0.065,0.065,0.065,0.065,400.0
2015-07-28,0.065,0.065,0.065,0.065,1000.0
2015-07-29,0.065,0.065,0.065,0.065,0.0
2015-07-30,0.065,0.065,0.065,0.065,0.0
2015-07-31,0.065,0.065,0.065,0.065,0.0
2015-08-03,0.065,0.065,0.065,0.065,0.0
2015-08-04,0.065,0.065,0.065,0.065,0.0
2015-08-05,0.065,0.065,0.065,0.065,0.0
2015-08-06,0.065,0.065,0.065,0.065,0.0
2015-08-07,0.065,0.065,0.065,0.065,0.0
2015-08-10,0.065,0.065,0.065,0.065,0.0
2015-08-11,0.065,0.065,0.065,0.065,0.0
2015-08-12,0.065,0.065,0.065,0.065,0.0
2015-08-13,0.065,0.065,0.065,0.065,0.0
2015-08-14,0.06,0.06,0.06,0.06,2500.0
2015-08-17,0.06,0.06,0.06,0.06,0.0
2015-08-18,0.06,0.06,0.06,0.06,0.0
2015-08-19,0.06,0.06,0.06,0.06,0.0
2015-08-20,0.06,0.06,0.06,0.06,25000.0
2015-08-21,0.0551,0.0551,0.055,0.055,2166.0
2015-08-24,0.055,0.055,0.05,0.05,25000.0
2015-08-25,0.0501,0.0501,0.0501,0.0501,200.0
2015-08-26,0.0501,0.0501,0.0501,0.0501,0.0
2015-08-27,0.05,0.05,0.05,0.05,2500.0
2015-08-28,0.05,0.05,0.05,0.05,0.0
2015-08-31,0.05,0.05,0.05,0.05,0.0
2015-09-01,0.05,0.05,0.05,0.05,0.0
2015-09-02,0.05,0.05,0.05,0.05,0.0
2015-09-03,0.05,0.05,0.05,0.05,0.0
2015-09-04,0.05,0.05,0.05,0.05,0.0
2015-09-07,0.05,0.05,0.05,0.05,0.0
2015-09-08,0.05,0.05,0.05,0.05,0.0
2015-09-09,0.05,0.05,0.05,0.05,0.0
2015-09-10,0.05,0.05,0.05,0.05,0.0
2015-09-11,0.05,0.05,0.05,0.05,0.0
2015-09-14,0.05,0.05,0.05,0.05,0.0
2015-09-15,0.05,0.05,0.05,0.05,500.0
2015-09-16,0.05,0.05,0.05,0.05,0.0
2015-09-17,0.05,0.05,0.05,0.05,0.0
2015-09-18,0.05,0.05,0.05,0.05,0.0
2015-09-21,0.05,0.05,0.05,0.05,0.0
2015-09-22,0.05,0.05,0.05,0.05,3000.0
2015-09-23,0.05,0.05,0.05,0.05,0.0
2015-09-24,0.05,0.05,0.05,0.05,0.0
2015-09-25,0.05,0.05,0.05,0.05,0.0
2015-09-28,0.05,0.05,0.05,0.05,0.0
2015-09-29,0.05,0.05,0.05,0.05,400.0
2015-09-30,0.05,0.05,0.05,0.05,0.0
2015-10-01,0.05,0.05,0.05,0.05,0.0
2015-10-02,0.05,0.05,0.05,0.05,0.0
2015-10-05,0.05,0.05,0.05,0.05,0.0
2015-10-06,0.05,0.05,0.05,0.05,1294.0
2015-10-07,0.05,0.05,0.05,0.05,0.0
2015-10-08,0.05,0.05,0.05,0.05,1000.0
2015-10-09,0.05,0.05,0.05,0.05,0.0
2015-10-12,0.05,0.05,0.05,0.05,0.0
2015-10-13,0.05,0.05,0.05,0.05,0.0
2015-10-14,0.05,0.05,0.05,0.05,0.0
2015-10-15,0.05,0.05,0.05,0.05,1000.0
2015-10-16,0.05,0.05,0.05,0.05,0.0
2015-10-19,0.05,0.05,0.05,0.05,0.0
2015-10-20,0.055,0.055,0.055,0.055,10000.0
2015-10-21,0.05,0.05,0.05,0.05,5000.0
2015-10-22,0.05,0.05,0.05,0.05,0.0
2015-10-23,0.05,0.05,0.05,0.05,440.0
2015-10-26,0.05,0.05,0.05,0.05,271.0
2015-10-27,0.05,0.05,0.05,0.05,0.0
2015-10-28,0.05,0.05,0.05,0.05,0.0
2015-10-29,0.0525,0.0525,0.0525,0.0525,4999.0
2015-10-30,0.0525,0.0525,0.0525,0.0525,0.0
2015-11-02,0.0525,0.0525,0.0525,0.0525,0.0
2015-11-03,0.0525,0.0525,0.0525,0.0525,0.0
2015-11-04,0.0525,0.0525,0.0525,0.0525,0.0
2015-11-05,0.0525,0.0525,0.0525,0.0525,0.0
2015-11-06,0.0525,0.0525,0.0525,0.0525,0.0
2015-11-09,0.0525,0.0525,0.0525,0.0525,500.0
2015-11-10,0.0525,0.0525,0.0525,0.0525,0.0
2015-11-11,0.0525,0.0525,0.0525,0.0525,0.0
2015-11-12,0.0525,0.0525,0.0525,0.0525,1828.0
2015-11-13,0.0525,0.0525,0.0525,0.0525,0.0
2015-11-16,0.0525,0.0525,0.0525,0.0525,0.0
2015-11-17,0.0525,0.0525,0.0525,0.0525,0.0
2015-11-18,0.0525,0.0525,0.0525,0.0525,0.0
2015-11-19,0.0525,0.0525,0.0525,0.0525,0.0
2015-11-20,0.0525,0.0525,0.0525,0.0525,0.0
2015-11-23,0.0525,0.0525,0.0525,0.0525,0.0
2015-11-24,0.0525,0.0525,0.0525,0.0525,0.0
2015-11-25,0.0525,0.0525,0.0525,0.0525,0.0
2015-11-26,0.0525,0.0525,0.0525,0.0525,0.0
2015-11-27,0.0525,0.0525,0.0525,0.0525,200.0
2015-11-30,0.0525,0.0525,0.0525,0.0525,0.0
2015-12-01,0.0525,0.0525,0.0525,0.0525,0.0
2015-12-02,0.0525,0.0525,0.0525,0.0525,0.0
2015-12-03,0.0525,0.0525,0.0525,0.0525,0.0
2015-12-04,0.0525,0.0525,0.0525,0.0525,0.0
2015-12-07,0.0525,0.0525,0.0525,0.0525,1800.0
2015-12-08,0.0525,0.0525,0.0525,0.0525,3200.0
2015-12-09,0.0525,0.0525,0.0525,0.0525,0.0
2015-12-10,0.0525,0.0525,0.0525,0.0525,0.0
2015-12-11,0.0525,0.0525,0.0525,0.0525,0.0
2015-12-14,0.0525,0.0525,0.0525,0.0525,0.0
2015-12-15,0.0525,0.0525,0.0525,0.0525,0.0
2015-12-16,0.0525,0.0525,0.0525,0.0525,0.0
2015-12-17,0.0525,0.0525,0.0525,0.0525,0.0
2015-12-18,0.0525,0.0525,0.0525,0.0525,0.0
2015-12-21,0.0525,0.0525,0.0525,0.0525,0.0
2015-12-22,0.0525,0.0525,0.0525,0.0525,250.0
2015-12-23,0.0525,0.0525,0.0525,0.0525,0.0
2015-12-24,0.0525,0.0525,0.0525,0.0525,0.0
2015-12-25,0.0525,0.0525,0.0525,0.0525,0.0
2015-12-28,0.0525,0.0525,0.0525,0.0525,0.0
2015-12-29,0.0525,0.0525,0.0525,0.0525,500.0
2015-12-30,0.0525,0.0525,0.0525,0.0525,0.0
2015-12-31,0.0525,0.0525,0.0525,0.0525,1000.0
2016-01-01,0.0525,0.0525,0.0525,0.0525,0.0
2016-01-04,0.0525,0.0525,0.0525,0.0525,0.0
2016-01-05,0.055,0.055,0.0545,0.0545,800.0
2016-01-06,0.0525,0.0525,0.0525,0.0525,400.0
2016-01-07,0.0525,0.0525,0.0525,0.0525,0.0
2016-01-08,0.0525,0.0525,0.0525,0.0525,0.0
2016-01-11,0.0525,0.0525,0.0525,0.0525,2570.0
2016-01-12,0.0525,0.0525,0.0525,0.0525,0.0
2016-01-13,0.0525,0.0525,0.0525,0.0525,0.0
2016-01-14,0.0525,0.0525,0.0525,0.0525,0.0
2016-01-15,0.0525,0.0525,0.0525,0.0525,0.0
2016-01-18,0.0525,0.0525,0.0525,0.0525,0.0
2016-01-19,0.0525,0.0525,0.0525,0.0525,0.0
2016-01-20,0.0525,0.0525,0.0525,0.0525,100.0
2016-01-21,0.0525,0.0525,0.0525,0.0525,0.0
2016-01-22,0.0525,0.0525,0.0525,0.0525,0.0
2016-01-25,0.0525,0.0525,0.0525,0.0525,265.0
2016-01-26,0.0525,0.0525,0.0525,0.0525,0.0
2016-01-27,0.0525,0.0525,0.05,0.05,20000.0
2016-01-28,0.0525,0.0525,0.05,0.05,0.0
2016-01-29,0.045,0.045,0.045,0.045,1300.0
2016-02-01,0.045,0.045,0.045,0.045,0.0
2016-02-02,0.045,0.045,0.045,0.045,0.0
2016-02-03,0.045,0.045,0.045,0.045,0.0
2016-02-04,0.045,0.045,0.045,0.045,0.0
2016-02-05,0.045,0.045,0.045,0.045,0.0
2016-02-08,0.048,0.048,0.045,0.045,4000.0
2016-02-09,0.045,0.045,0.045,0.045,10000.0
2016-02-10,0.045,0.045,0.045,0.045,0.0
2016-02-11,0.045,0.045,0.045,0.045,0.0
2016-02-12,0.045,0.045,0.045,0.045,0.0
2016-02-15,0.045,0.045,0.045,0.045,0.0
2016-02-16,0.045,0.045,0.045,0.045,0.0
2016-02-17,0.045,0.045,0.045,0.045,0.0
2016-02-18,0.045,0.045,0.045,0.045,0.0
2016-02-19,0.045,0.045,0.045,0.045,0.0
2016-02-22,0.045,0.045,0.045,0.045,0.0
2016-02-23,0.045,0.045,0.045,0.045,0.0
2016-02-24,0.045,0.045,0.045,0.045,0.0
2016-02-25,0.045,0.045,0.045,0.045,0.0
2016-02-26,0.045,0.045,0.045,0.045,0.0
2016-02-29,0.045,0.045,0.045,0.045,0.0
2016-03-01,0.045,0.045,0.045,0.045,0.0
2016-03-02,0.045,0.045,0.045,0.045,0.0
2016-03-03,0.045,0.045,0.045,0.045,0.0
2016-03-04,0.0466,0.0466,0.0466,0.0466,100.0
2016-03-07,0.035,0.035,0.035,0.035,100.0
2016-03-08,0.035,0.035,0.035,0.035,0.0
2016-03-09,0.035,0.035,0.035,0.035,0.0
2016-03-10,0.035,0.035,0.035,0.035,0.0
2016-03-11,0.035,0.035,0.035,0.035,0.0
2016-03-14,0.035,0.035,0.035,0.035,2700.0
2016-03-15,0.035,0.035,0.035,0.035,0.0
2016-03-16,0.035,0.035,0.035,0.035,0.0
2016-03-17,0.035,0.035,0.035,0.035,0.0
2016-03-18,0.035,0.035,0.035,0.035,0.0
2016-03-21,0.05,0.05,0.05,0.05,1000.0
2016-03-22,0.05,0.05,0.05,0.05,0.0
2016-03-23,0.05,0.05,0.05,0.05,0.0
2016-03-24,0.05,0.05,0.05,0.05,0.0
2016-03-25,0.05,0.05,0.05,0.05,0.0
2016-03-28,0.05,0.05,0.05,0.05,0.0
2016-03-29,0.05,0.05,0.05,0.05,0.0
2016-03-30,0.0365,0.05,0.0365,0.05,2300.0
2016-03-31,0.0365,0.05,0.0365,0.05,0.0
2016-04-01,0.0365,0.05,0.0365,0.05,0.0
2016-04-04,0.0365,0.05,0.0365,0.05,0.0
2016-04-05,0.0365,0.05,0.0365,0.05,0.0
2016-04-06,0.0365,0.05,0.0365,0.05,0.0
2016-04-07,0.0365,0.05,0.0365,0.05,0.0
2016-04-08,0.0365,0.05,0.0365,0.05,0.0
2016-04-11,0.05,0.1,0.047,0.1,95000.0
2016-04-12,0.1196,0.13,0.1,0.13,22210.0
2016-04-13,0.10400000000000001,0.17,0.1,0.14,63332.0
2016-04-14,0.14,0.15,0.12,0.12,24912.0
2016-04-15,0.1,0.14,0.1,0.14,8906.0
2016-04-18,0.14,0.14,0.1,0.1,16175.0
2016-04-19,0.132,0.1495,0.132,0.1495,10570.0
2016-04-20,0.14,0.14,0.1,0.1365,24700.0
2016-04-21,0.14,0.14,0.0954,0.1,23000.0
2016-04-22,0.09,0.0995,0.09,0.0995,12000.0
2016-04-25,0.09,0.0995,0.09,0.0995,0.0
2016-04-26,0.09,0.0995,0.09,0.0995,0.0
2016-04-27,0.1,0.1,0.1,0.1,1500.0
2016-04-28,0.1,0.1,0.1,0.1,12000.0
2016-04-29,0.1,0.1,0.1,0.1,0.0
2016-05-02,0.1,0.1,0.1,0.1,0.0
2016-05-03,0.12,0.12,0.12,0.12,8200.0
2016-05-04,0.12,0.12,0.08,0.08,15000.0
2016-05-05,0.068,0.068,0.055,0.055,20000.0
2016-05-06,0.068,0.068,0.055,0.055,0.0
2016-05-09,0.068,0.068,0.055,0.055,0.0
2016-05-10,0.068,0.068,0.055,0.055,0.0
2016-05-11,0.068,0.068,0.055,0.055,0.0
2016-05-12,0.06,0.06,0.04,0.04,50000.0
2016-05-13,0.06,0.06,0.04,0.04,0.0
2016-05-16,0.04,0.04,0.04,0.04,10000.0
2016-05-17,0.04,0.04,0.04,0.04,0.0
2016-05-18,0.04,0.04,0.04,0.04,0.0
2016-05-19,0.04,0.04,0.04,0.04,0.0
2016-05-20,0.04,0.04,0.04,0.04,0.0
2016-05-23,0.04,0.04,0.04,0.04,0.0
2016-05-24,0.04,0.04,0.04,0.04,0.0
2016-05-25,0.048,0.048,0.048,0.048,1200.0
2016-05-26,0.048,0.048,0.048,0.048,0.0
2016-05-27,0.052000000000000005,0.052000000000000005,0.052000000000000005,0.052000000000000005,200.0
2016-05-30,0.052000000000000005,0.052000000000000005,0.052000000000000005,0.052000000000000005,0.0
2016-05-31,0.052000000000000005,0.052000000000000005,0.052000000000000005,0.052000000000000005,0.0
2016-06-01,0.052000000000000005,0.052000000000000005,0.052000000000000005,0.052000000000000005,0.0
2016-06-02,0.052000000000000005,0.052000000000000005,0.052000000000000005,0.052000000000000005,0.0
2016-06-03,0.052000000000000005,0.052000000000000005,0.052000000000000005,0.052000000000000005,100.0
2016-06-06,0.052000000000000005,0.052000000000000005,0.052000000000000005,0.052000000000000005,0.0
2016-06-07,0.052000000000000005,0.052000000000000005,0.052000000000000005,0.052000000000000005,0.0
2016-06-08,0.052000000000000005,0.052000000000000005,0.052000000000000005,0.052000000000000005,0.0
2016-06-09,0.052000000000000005,0.052000000000000005,0.052000000000000005,0.052000000000000005,0.0
2016-06-10,0.052000000000000005,0.052000000000000005,0.052000000000000005,0.052000000000000005,100.0
2016-06-13,0.052000000000000005,0.052000000000000005,0.052000000000000005,0.052000000000000005,0.0
2016-06-14,0.052000000000000005,0.052000000000000005,0.052000000000000005,0.052000000000000005,0.0
2016-06-15,0.06,0.075,0.06,0.075,10300.0
2016-06-16,0.06,0.075,0.06,0.075,0.0
2016-06-17,0.09,0.0977,0.09,0.0977,20350.0
2016-06-20,0.09,0.0977,0.09,0.0977,0.0
2016-06-21,0.09,0.0977,0.09,0.0977,0.0
2016-06-22,0.1,0.1,0.1,0.1,10000.0
2016-06-23,0.1,0.1,0.1,0.1,11021.0
2016-06-24,0.086,0.086,0.086,0.086,10021.0
2016-06-27,0.086,0.086,0.086,0.086,0.0
2016-06-28,0.086,0.086,0.086,0.086,0.0
2016-06-29,0.085,0.085,0.08,0.085,22700.0
2016-06-30,0.085,0.085,0.08,0.085,0.0
2016-07-01,0.085,0.085,0.08,0.085,0.0
2016-07-04,0.085,0.085,0.08,0.085,0.0
2016-07-05,0.1,0.1,0.1,0.1,8000.0
2016-07-06,0.1,0.1,0.1,0.1,0.0
2016-07-07,0.1023,0.1023,0.1,0.1,31775.0
2016-07-08,0.11,0.11,0.11,0.11,100.0
2016-07-11,0.11,0.11,0.11,0.11,5000.0
2016-07-12,0.11,0.11,0.11,0.11,0.0
2016-07-13,0.11,0.11,0.11,0.11,0.0
2016-07-14,0.11,0.11,0.11,0.11,0.0
2016-07-15,0.11,0.11,0.11,0.11,0.0
2016-07-18,0.1,0.1,0.1,0.1,10150.0
2016-07-19,0.1,0.1,0.1,0.1,0.0
2016-07-20,0.1,0.1,0.1,0.1,0.0
2016-07-21,0.1,0.1,0.1,0.1,0.0
2016-07-22,0.1,0.1,0.1,0.1,0.0
2016-07-25,0.085,0.085,0.07,0.07,24500.0
2016-07-26,0.085,0.085,0.07,0.07,0.0
2016-07-27,0.085,0.085,0.07,0.07,0.0
2016-07-28,0.085,0.085,0.07,0.07,0.0
2016-07-29,0.085,0.085,0.07,0.07,0.0
2016-08-01,0.085,0.085,0.07,0.07,0.0
2016-08-02,0.085,0.085,0.07,0.07,0.0
2016-08-03,0.1,0.11199999999999999,0.095,0.095,38800.0
2016-08-04,0.09,0.13,0.08,0.099,640553.0
2016-08-05,0.09,0.09,0.09,0.09,30000.0
2016-08-08,0.1,0.1,0.06,0.06,82400.0
2016-08-09,0.0635,0.0635,0.055,0.055999999999999994,120500.0
2016-08-10,0.075,0.08,0.05,0.057999999999999996,1509296.0
2016-08-11,0.061,0.065,0.0485,0.06,448815.0
2016-08-12,0.06,0.06,0.05,0.05,17774.0
2016-08-15,0.05,0.05,0.04,0.04,33819.0
2016-08-16,0.04,0.048,0.04,0.04,489662.0
2016-08-17,0.0412,0.0412,0.0412,0.0412,20000.0
2016-08-18,0.0412,0.042,0.03,0.035,529687.0
2016-08-19,0.034,0.036000000000000004,0.03,0.036000000000000004,465766.0
2016-08-22,0.036000000000000004,0.036000000000000004,0.0271,0.0271,449555.0
2016-08-23,0.027999999999999997,0.03,0.025,0.027000000000000003,1577486.0
2016-08-24,0.022000000000000002,0.028999999999999998,0.022000000000000002,0.025,1185306.0
2016-08-25,0.025,0.025,0.0202,0.021,1571800.0
2016-08-26,0.0275,0.028999999999999998,0.021,0.021,963778.0
2016-08-29,0.0249,0.025,0.016,0.0217,623467.0
2016-08-30,0.021,0.0225,0.0196,0.0225,363234.0
2016-08-31,0.022000000000000002,0.024,0.021,0.0237,90800.0
2016-09-01,0.024,0.0244,0.019,0.02,435000.0
2016-09-02,0.02,0.0239,0.0196,0.0239,72954.0
2016-09-05,0.02,0.0239,0.0196,0.0239,0.0
2016-09-06,0.0217,0.0229,0.016,0.018000000000000002,68004.0
2016-09-07,0.018000000000000002,0.018000000000000002,0.018000000000000002,0.018000000000000002,30000.0
2016-09-08,0.018000000000000002,0.021,0.018000000000000002,0.0195,213300.0
2016-09-09,0.019,0.02,0.0165,0.0165,75300.0
2016-09-12,0.0165,0.0165,0.015,0.016,169200.0
2016-09-13,0.013999999999999999,0.013999999999999999,0.013999999999999999,0.013999999999999999,20000.0
2016-09-14,0.015,0.0205,0.013999999999999999,0.0205,331100.0
2016-09-15,0.0205,0.022000000000000002,0.0205,0.022000000000000002,148782.0
2016-09-16,0.021,0.0225,0.0183,0.0183,208030.0
2016-09-19,0.0182,0.0208,0.015,0.0192,470200.0
2016-09-20,0.0181,0.0181,0.018000000000000002,0.018000000000000002,40000.0
2016-09-21,0.0205,0.03,0.0205,0.025,332850.0
2016-09-22,0.0297,0.0297,0.0241,0.025,514180.0
2016-09-23,0.025,0.028999999999999998,0.019,0.019,599881.0
2016-09-26,0.022000000000000002,0.025,0.019,0.025,179314.0
2016-09-27,0.0249,0.025,0.0189,0.025,75106.0
2016-09-28,0.02,0.02,0.02,0.02,18690.0
2016-09-29,0.02,0.026000000000000002,0.02,0.0225,573673.0
2016-09-30,0.02,0.026000000000000002,0.02,0.0225,0.0
2016-10-03,0.02,0.026000000000000002,0.02,0.0225,0.0
2016-10-04,0.02,0.026000000000000002,0.02,0.0225,0.0
2016-10-05,0.0161,0.0161,0.013000000000000001,0.013000000000000001,727600.0
2016-10-06,0.0125,0.013000000000000001,0.0125,0.0125,80500.0
2016-10-07,0.013999999999999999,0.0149,0.0126,0.0126,72583.0
2016-10-10,0.01,0.0126,0.009000000000000001,0.01,227550.0
2016-10-11,0.009000000000000001,0.0098,0.0041,0.0098,942735.0
2016-10-12,0.009000000000000001,0.0098,0.0041,0.0098,0.0
2016-10-13,0.009000000000000001,0.0098,0.0041,0.0098,0.0
2016-10-14,0.0098,0.0098,0.006999999999999999,0.008,154152.0
2016-10-17,0.008,0.008,0.0061,0.0061,51100.0
2016-10-18,0.0075,0.0075,0.0075,0.0075,4000.0
2016-10-19,0.0075,0.0075,0.0075,0.0075,0.0
2016-10-20,0.01,0.01,0.0055,0.0055,286578.0
2016-10-21,0.0067,0.008,0.0055,0.008,366582.0
2016-10-24,0.008,0.008,0.006999999999999999,0.006999999999999999,9140.0
2016-10-25,0.006,0.0091,0.0042,0.0091,775230.0
2016-10-26,0.0073,0.0073,0.005,0.005,2000.0
2016-10-27,0.0073,0.0073,0.005,0.005,0.0
2016-10-28,0.006,0.006,0.006,0.006,3000.0
2016-10-31,0.006,0.0084,0.0042,0.0084,438873.0
2016-11-01,0.0083,0.0083,0.0083,0.0083,30000.0
2016-11-02,0.0083,0.0083,0.0083,0.0083,0.0
2016-11-03,0.0085,0.0148,0.0085,0.013000000000000001,1616224.0
2016-11-04,0.0148,0.03,0.0144,0.016,2028681.0
2016-11-07,0.016,0.0275,0.016,0.0275,338944.0
2016-11-08,0.0275,0.0275,0.017,0.018000000000000002,615488.0
2016-11-09,0.0135,0.018000000000000002,0.0135,0.018000000000000002,40000.0
2016-11-10,0.0175,0.018000000000000002,0.0169,0.018000000000000002,64245.0
2016-11-11,0.018000000000000002,0.018000000000000002,0.006999999999999999,0.0142,353845.0
2016-11-14,0.0148,0.0164,0.008,0.0121,570900.0
2016-11-15,0.011000000000000001,0.0125,0.01,0.01,920895.0
2016-11-16,0.01,0.0107,0.009000000000000001,0.009000000000000001,847850.0
2016-11-17,0.009000000000000001,0.011000000000000001,0.0062,0.01,787485.0
2016-11-18,0.0062,0.0089,0.0062,0.0063,2245924.0
2016-11-21,0.0065,0.008,0.0065,0.006999999999999999,1274000.0
2016-11-22,0.0065,0.0065,0.0057,0.0064,192684.0
2016-11-23,0.0065,0.0067,0.0055,0.0059,1798314.0
2016-11-24,0.0065,0.0067,0.0055,0.0059,0.0
2016-11-25,0.0065,0.0067,0.0055,0.0059,0.0
2016-11-28,0.0053,0.0065,0.0053,0.0065,10430.0
2016-11-29,0.0065,0.0065,0.005,0.0053,544600.0
2016-11-30,0.0051,0.0065,0.005,0.0065,3134482.0
2016-12-01,0.0065,0.0065,0.006,0.0062,1407416.0
2016-12-02,0.0065,0.0065,0.006,0.0062,0.0
2016-12-05,0.0062,0.0065,0.0051,0.0051,3502436.0
2016-12-06,0.0056,0.0093,0.0046,0.0069,2252076.0
2016-12-07,0.0075,0.008,0.0064,0.0077,702825.0
2016-12-08,0.0064,0.0077,0.0052,0.0063,400035.0
2016-12-09,0.0053,0.006,0.0047,0.005,4852305.0
2016-12-12,0.0065,0.0065,0.0043,0.0051,983350.0
2016-12-13,0.0056,0.0065,0.005,0.005,657351.0
2016-12-14,0.0065,0.0065,0.0049,0.0054,91400.0
2016-12-15,0.0054,0.0058,0.0032,0.0043,5708823.0
2016-12-16,0.0043,0.0045,0.0027,0.0028,12585467.0
2016-12-19,0.0028,0.0037,0.0026,0.0037,2057311.0
2016-12-20,0.0033,0.0036,0.0028,0.0031,2470908.0
2016-12-21,0.0032,0.0058,0.0032,0.0032,2470272.0
2016-12-22,0.003,0.0058,0.003,0.005,2652989.0
2016-12-23,0.005,0.005,0.0035,0.004,1347150.0
2016-12-26,0.005,0.005,0.0035,0.004,0.0
2016-12-27,0.0033,0.0038,0.0033,0.0035,652500.0
2016-12-28,0.0035,0.004,0.0031,0.0031,2187919.0
2016-12-29,0.0032,0.0034,0.0027,0.0034,255502.0
2016-12-30,0.003,0.0034,0.0026,0.0032,3361298.0
2017-01-02,0.003,0.0034,0.0026,0.0032,0.0
2017-01-03,0.0032,0.0034,0.002,0.0028,659680.0
2017-01-04,0.0027,0.0027,0.0023,0.0023,801000.0
2017-01-05,0.0029,0.0029,0.0023,0.0027,2355242.0
2017-01-06,0.0027,0.0027,0.002,0.0023,6374400.0
2017-01-09,0.0023,0.0056,0.0023,0.004,8074053.0
2017-01-10,0.004,0.0055,0.004,0.005,1815443.0
2017-01-11,0.005,0.005,0.0035,0.0044,1153650.0
2017-01-12,0.005,0.0057,0.0035,0.0035,7265540.0
2017-01-13,0.0035,0.0035,0.0025,0.0032,2946330.0
2017-01-16,0.0035,0.0035,0.0025,0.0032,0.0
2017-01-17,0.0038,0.0038,0.0027,0.0027,2629862.0
2017-01-18,0.0032,0.0049,0.0025,0.0032,22770441.0
2017-01-19,0.0036,0.0044,0.003,0.003,7324116.0
2017-01-20,0.0031,0.004,0.003,0.0038,3705321.0
2017-01-23,0.0039,0.004,0.0037,0.0038,2463310.0
2017-01-24,0.0037,0.0037,0.0028,0.0032,2356243.0
2017-01-25,0.0027,0.0031,0.0027,0.0031,3718332.0
2017-01-26,0.0031,0.0031,0.0023,0.0026,4984000.0
2017-01-27,0.0026,0.0034,0.0025,0.0028,1794562.0
2017-01-30,0.0032,0.0045,0.0026,0.0031,43246851.0
2017-01-31,0.0038,0.0044,0.0029,0.003,9503926.0
2017-02-01,0.0035,0.004,0.0028,0.0035,9149981.0
2017-02-02,0.0032,0.0034,0.0029,0.0034,5977353.0
2017-02-03,0.0034,0.0034,0.003,0.0034,802251.0
2017-02-06,0.0034,0.0034,0.0024,0.003,7251579.0
2017-02-07,0.003,0.003,0.0025,0.0029,3100377.0
2017-02-08,0.0027,0.0032,0.0022,0.0026,12739950.0
2017-02-09,0.0026,0.0029,0.0023,0.0025,10275970.0
2017-02-10,0.0026,0.0026,0.0019,0.0024,11955536.0
2017-02-13,0.0021,0.0025,0.0021,0.0025,1875000.0
2017-02-14,0.0025,0.0025,0.0018,0.0023,4866713.0
2017-02-15,0.0021,0.0024,0.002,0.0023,1011147.0
2017-02-16,0.0022,0.0022,0.0018,0.002,6528047.0
2017-02-17,0.0023,0.0023,0.0017,0.0023,4813207.0
2017-02-20,0.0023,0.0023,0.0017,0.0023,0.0
2017-02-21,0.0021,0.0021,0.0015,0.0017,14483763.0
2017-02-22,0.0017,0.0024,0.0017,0.0019,19405223.0
2017-02-23,0.0019,0.0026,0.0016,0.0026,48652038.0
2017-02-24,0.0026,0.0026,0.0015,0.0023,54626069.0
2017-02-27,0.0022,0.0022,0.0015,0.0016,70574435.0
2017-02-28,0.0019,0.0032,0.0017,0.0027,37564161.0
2017-03-01,0.0037,0.0045,0.0027,0.003,78850847.0
2017-03-02,0.0033,0.0033,0.0019,0.0023,102132198.0
2017-03-03,0.0023,0.0023,0.0017,0.0019,33997515.0
2017-03-06,0.0019,0.0022,0.0014,0.0014,38652863.0
2017-03-07,0.0016,0.0016,0.0012,0.0014,25717503.0
2017-03-08,0.0012,0.0014,0.0011,0.0013,18265367.0
2017-03-09,0.0013,0.0014,0.0011,0.0013,7989461.0
2017-03-10,0.0014,0.0016,0.0012,0.0014,9489117.0
2017-03-13,0.0015,0.0016,0.0012,0.0013,20618102.0
2017-03-14,0.0013,0.0018,0.0013,0.0017,28015168.0
2017-03-15,0.0015,0.0015,0.001,0.0013,77507100.0
2017-03-16,0.0012,0.0016,0.0011,0.0012,108027454.0
2017-03-17,0.0011,0.0013,0.0009,0.0012,46027815.0
2017-03-20,0.0012,0.0015,0.0011,0.0012,24434166.0
2017-03-21,0.0012,0.0018,0.0011,0.0014,29056516.0
2017-03-22,0.0014,0.0015,0.0012,0.0014,32358929.0
2017-03-23,0.0014,0.0014,0.0011,0.0013,32461593.0
2017-03-24,0.0012,0.0021,0.001,0.0019,193111695.0
2017-03-27,0.002,0.0024,0.0016,0.0018,71599388.0
2017-03-28,0.0018,0.0029,0.0013,0.0023,89171506.0
2017-03-29,0.0032,0.0032,0.0021,0.0026,92613370.0
2017-03-30,0.0026,0.0026,0.0018,0.0019,52055516.0
2017-03-31,0.0019,0.0021,0.0015,0.002,31677255.0
2017-04-03,0.002,0.002,0.0016,0.0017,18973317.0
2017-04-04,0.0017,0.0022,0.0016,0.0019,16638482.0
2017-04-05,0.0019,0.002,0.0016,0.0018,10029875.0
2017-04-06,0.0016,0.0021,0.0013,0.0016,39356908.0
2017-04-07,0.0016,0.0021,0.0016,0.0017,12574148.0
2017-04-10,0.0017,0.0018,0.0015,0.0015,11508766.0
2017-04-11,0.0016,0.0025,0.0016,0.0024,77844770.0
2017-04-12,0.0025,0.0026,0.0017,0.0022,52118023.0
2017-04-13,0.0022,0.0023,0.0016,0.0019,47530842.0
2017-04-14,0.0022,0.0023,0.0016,0.0019,0.0
2017-04-17,0.0019,0.0019,0.0014,0.0016,26051222.0
2017-04-18,0.0017,0.0017,0.0014,0.0017,17521255.0
2017-04-19,0.0017,0.0019,0.0012,0.0013,86928523.0
2017-04-20,0.0013,0.0014,0.0011,0.0013,15519565.0
2017-04-21,0.0013,0.0013,0.0011,0.0012,9549572.0
2017-04-24,0.0012,0.0012,0.001,0.001,26257181.0
2017-04-25,0.0011,0.0011,0.0009,0.001,28871490.0
2017-04-26,0.0013,0.0015,0.0008,0.0009,157823458.0
2017-04-27,0.0008,0.001,0.0006,0.0006,92725625.0
2017-04-28,0.0006,0.0007,0.0005,0.0006,54344858.0
2017-05-01,0.0006,0.0006,0.0005,0.0006,45923530.0
2017-05-02,0.0006,0.0006,0.0005,0.0005,73096211.0
2017-05-03,0.0005,0.0006,0.0004,0.0005,39553719.0
2017-05-04,0.0005,0.0005,0.0004,0.0005,48371641.0
2017-05-05,0.0005,0.0005,0.0003,0.0005,34919225.0
2017-05-08,0.0005,0.0005,0.0003,0.0004,42329615.0
2017-05-09,0.0004,0.0005,0.0003,0.0003,128190833.0
2017-05-10,0.0004,0.001,0.0003,0.0009,480739910.0
2017-05-11,0.001,0.0015,0.0009,0.0011,459315700.0
2017-05-12,0.0011,0.0012,0.0007,0.0011,349234530.0
2017-05-15,0.0013,0.0014,0.0011,0.0012,190455966.0
2017-05-16,0.0013,0.0013,0.0007,0.0009,219389471.0
2017-05-17,0.0009,0.0009,0.0005,0.0006,300755640.0
2017-05-18,0.0006,0.0006,0.0004,0.0006,229584537.0
2017-05-19,0.0005,0.0006,0.0004,0.0006,142636534.0
2017-05-22,0.0006,0.0006,0.0004,0.0005,48436906.0
2017-05-23,0.0005,0.0006,0.0004,0.0006,17492549.0
2017-05-24,0.0004,0.0008,0.0004,0.0008,191383951.0
2017-05-25,0.0008,0.0008,0.0004,0.0004,360809240.0
2017-05-26,0.0005,0.0007,0.0004,0.0007,244334281.0
2017-05-29,0.0005,0.0007,0.0004,0.0007,0.0
2017-05-30,0.0008,0.0009,0.0006,0.0009,347790160.0
2017-05-31,0.0009,0.001,0.0006,0.0007,236662587.0
2017-06-01,0.0009,0.0009,0.0005,0.0006,193812640.0
2017-06-02,0.0006,0.0007,0.0005,0.0006,67952779.0
2017-06-05,0.0006,0.0007,0.0005,0.0007,159636040.0
2017-06-06,0.0007,0.0009,0.0006,0.0007,237632457.0
2017-06-07,0.0008,0.0008,0.0006,0.0006,182048349.0
2017-06-08,0.0006,0.0006,0.0004,0.0005,216940370.0
2017-06-09,0.0006,0.0006,0.0004,0.0004,138738207.0
2017-06-12,0.0005,0.0006,0.0004,0.0005,87816938.0
2017-06-13,0.0005,0.0005,0.0003,0.0004,508714170.0
2017-06-14,0.0004,0.0005,0.0003,0.0003,190969394.0
2017-06-15,0.0004,0.0004,0.0003,0.0004,45534999.0
2017-06-16,0.0004,0.0004,0.0003,0.0004,110938742.0
2017-06-19,0.0003,0.0005,0.0003,0.0004,65561396.0
2017-06-20,0.0003,0.0005,0.0003,0.0005,82926303.0
2017-06-21,0.0005,0.0005,0.0004,0.0004,55467869.0
2017-06-22,0.0005,0.0005,0.0004,0.0004,19255759.0
2017-06-23,0.0004,0.0006,0.0004,0.0006,417034340.0
2017-06-26,0.0006,0.0007,0.0005,0.0007,100140890.0
2017-06-27,0.0007,0.001,0.0007,0.0009,320012830.0
2017-06-28,0.001,0.0019,0.0009,0.0018,625364830.0
2017-06-29,0.0019,0.003,0.0016,0.0023,927759270.0
2017-06-30,0.0024,0.003,0.0019,0.0029,345952060.0
2017-07-03,0.0036,0.0067,0.003,0.0065,491769580.0
2017-07-04,0.0036,0.0067,0.003,0.0065,0.0
2017-07-05,0.009000000000000001,0.009000000000000001,0.0045,0.0047,977355170.0
2017-07-06,0.0043,0.0067,0.0032,0.0053,726097980.0
2017-07-07,0.0056,0.0059,0.0036,0.0042,373672600.0
2017-07-10,0.0043,0.0045,0.0035,0.0038,119957269.0
2017-07-11,0.0037,0.0056,0.0037,0.0051,240299268.0
2017-07-12,0.0054,0.0055,0.0041,0.0043,170951922.0
2017-07-13,0.0045,0.0045,0.0036,0.0038,147442378.0
2017-07-14,0.0038,0.0039,0.0021,0.0024,473913270.0
2017-07-17,0.0026,0.0031,0.0024,0.0026,331406020.0
2017-07-18,0.0026,0.0026,0.0018,0.0019,350984440.0
2017-07-19,0.0016,0.0024,0.0015,0.0024,139082874.0
2017-07-20,0.0024,0.0033,0.0022,0.0025,450652760.0
2017-07-21,0.0026,0.0027,0.0022,0.0025,181791901.0
2017-07-24,0.0025,0.0029,0.0025,0.0027,171968272.0
2017-07-25,0.0029,0.0032,0.0021,0.0025,665765010.0
2017-07-26,0.0026,0.0037,0.0025,0.0036,722739130.0
2017-07-27,0.0042,0.0048,0.0037,0.0037,897879740.0
2017-07-28,0.0039,0.0043,0.0034,0.0037,488146710.0
2017-07-31,0.0041,0.0046,0.0038,0.0046,366964660.0
2017-08-01,0.0046,0.0059,0.0046,0.0058,452509500.0
2017-08-02,0.0058,0.0061,0.0043,0.0044,580791230.0
2017-08-03,0.0045,0.0052,0.0036,0.0039,379477410.0
2017-08-04,0.0039,0.004,0.003,0.0033,394790100.0
2017-08-07,0.0034,0.0047,0.0028,0.0045,347153560.0
2017-08-08,0.0046,0.0047,0.0038,0.0038,216213421.0
2017-08-09,0.004,0.0043,0.0037,0.0037,126031323.0
2017-08-10,0.0039,0.0039,0.0034,0.0036,84385034.0
2017-08-11,0.0038,0.004,0.0031,0.0039,161695902.0
2017-08-14,0.004,0.0043,0.0033,0.0036,152613914.0
2017-08-15,0.0037,0.0037,0.0033,0.0035,109479880.0
2017-08-16,0.0035,0.0038,0.0033,0.0036,100444429.0
2017-08-17,0.0036,0.0036,0.0031,0.0033,99581539.0
2017-08-18,0.0034,0.0034,0.003,0.0033,89708951.0
2017-08-21,0.0034,0.0034,0.0029,0.0032,167414818.0
2017-08-22,0.0032,0.0032,0.0027,0.0029,144759798.0
2017-08-23,0.0029,0.0029,0.0025,0.0027,122393272.0
2017-08-24,0.0027,0.0033,0.0026,0.0027,145530502.0
2017-08-25,0.0028,0.0028,0.0023,0.0024,130522131.0
2017-08-28,0.0024,0.0025,0.002,0.0023,146116747.0
2017-08-29,0.0023,0.0023,0.0019,0.002,132985395.0
2017-08-30,0.002,0.0027,0.002,0.0025,97521616.0
2017-08-31,0.0029,0.0029,0.0025,0.0025,50388822.0
2017-09-01,0.0027,0.003,0.0024,0.003,74750988.0
2017-09-04,0.0027,0.003,0.0024,0.003,0.0
2017-09-05,0.003,0.0032,0.0026,0.0028,66095841.0
2017-09-06,0.0027,0.003,0.0023,0.0026,89951390.0
2017-09-07,0.0026,0.0026,0.0022,0.0024,60418427.0
2017-09-08,0.0024,0.0028,0.0024,0.0026,81983757.0
2017-09-11,0.0025,0.0029,0.0024,0.0025,90660920.0
2017-09-12,0.0026,0.0026,0.0022,0.0024,77985873.0
2017-09-13,0.0023,0.0024,0.0021,0.0023,118387398.0
2017-09-14,0.0022,0.0024,0.002,0.0022,96432123.0
2017-09-15,0.0022,0.0022,0.002,0.002,57654515.0
2017-09-18,0.0022,0.0022,0.002,0.0022,46085897.0
2017-09-19,0.0022,0.0022,0.0017,0.0019,223925643.0
2017-09-20,0.0018,0.002,0.0018,0.0019,73597832.0
2017-09-21,0.0018,0.002,0.0017,0.0019,51704932.0
2017-09-22,0.0019,0.0019,0.0016,0.0019,70915360.0
2017-09-25,0.0018,0.0019,0.0016,0.0018,47470546.0
2017-09-26,0.0018,0.0018,0.0016,0.0017,30556905.0
2017-09-27,0.0017,0.0017,0.0014,0.0015,108804168.0
2017-09-28,0.0015,0.0023,0.0014,0.0021,240716991.0
2017-09-29,0.0022,0.0023,0.0019,0.002,61462104.0
2017-10-02,0.002,0.0022,0.0018,0.0019,19994549.0
2017-10-03,0.0018,0.002,0.0018,0.0018,3405722.0
