,Date,Open,High,Low,Close,Volume
0,03/19/2009,19.0,19.0,19.0,19.0,50.0
1,03/23/2009,22.0,22.0,22.0,22.0,50.0
2,03/24/2009,22.0,23.0,22.0,22.29,460.0
3,03/25/2009,22.0,25.0,22.0,25.0,250.0
4,03/26/2009,20.0,20.0,18.0,18.0,100.0
5,03/27/2009,18.0,18.0,18.0,18.0,200.0
6,04/02/2009,23.0,23.0,22.0,22.0,200.0
7,04/07/2009,18.0,18.0,18.0,18.0,100.0
8,05/18/2009,18.0,18.0,18.0,18.0,860.0
9,05/19/2009,18.0,18.0,18.0,18.0,1214.0
10,05/20/2009,19.0,19.0,19.0,19.0,200.0
11,05/21/2009,19.0,19.0,19.0,19.0,595.0
12,05/26/2009,16.0,16.0,16.0,16.0,200.0
13,05/27/2009,19.0,20.0,19.0,20.0,40.0
14,05/28/2009,20.0,22.0,20.0,22.0,40.0
15,06/01/2009,22.0,22.0,22.0,22.0,1754.0
16,06/03/2009,22.0,22.0,22.0,22.0,150.0
17,06/04/2009,22.0,24.0,22.0,22.0,340.0
18,06/05/2009,22.0,22.0,18.0,18.0,60.0
19,06/08/2009,22.0,24.0,17.0,18.0,13909.0
20,06/09/2009,20.0,20.0,13.0,15.0,2548.0
21,06/10/2009,13.0,20.0,13.0,15.0,534.0
22,06/11/2009,16.0,17.0,13.0,13.5,937.0
23,06/12/2009,14.0,14.0,10.0,10.0,1554.0
24,06/15/2009,11.0,11.0,7.0,11.0,496.0
25,06/16/2009,7.0,9.0,5.0,9.0,700.0
26,06/17/2009,9.0,9.0,5.0,5.0,77.0
27,06/18/2009,5.0,7.0,5.0,6.0,1622.0
28,06/22/2009,7.0,7.0,5.0,6.0,356.0
29,06/23/2009,5.0,6.0,5.0,6.0,1341.0
30,06/24/2009,6.0,7.0,6.0,7.0,95.0
31,06/25/2009,7.0,7.0,6.0,6.0,351.0
32,06/26/2009,6.0,6.0,6.0,6.0,35.0
33,06/29/2009,8.0,8.0,8.0,8.0,840.0
34,06/30/2009,12.0,12.0,5.0,5.0,2386.0
35,07/01/2009,6.0,7.0,6.0,7.0,35.0
36,07/02/2009,7.0,7.0,7.0,7.0,839.0
37,07/06/2009,7.0,7.0,6.0,6.0,1196.0
38,07/07/2009,6.0,8.0,6.0,8.0,77.0
39,07/08/2009,5.0,5.0,5.0,5.0,10.0
40,07/09/2009,8.0,8.0,8.0,8.0,5.0
41,07/10/2009,8.0,8.0,8.0,8.0,40.0
42,07/14/2009,5.0,8.0,5.0,8.0,214.0
43,07/15/2009,5.0,6.0,5.0,6.0,324.0
44,07/17/2009,5.0,8.0,5.0,8.0,61.0
45,07/20/2009,8.0,8.0,8.0,8.0,1.0
46,07/21/2009,8.0,8.0,8.0,8.0,712.0
47,07/22/2009,8.0,8.0,8.0,8.0,427.0
48,07/24/2009,11.0,11.0,11.0,11.0,1.0
49,07/27/2009,11.0,11.0,5.0,11.0,482.0
50,07/28/2009,5.0,11.0,5.0,11.0,363.0
51,07/30/2009,7.0,7.0,7.0,7.0,60.0
52,07/31/2009,5.0,5.0,5.0,5.0,70.0
53,08/03/2009,5.0,7.0,5.0,6.0,360.0
54,08/04/2009,6.0,6.0,5.0,5.0,82.0
55,08/05/2009,5.5,5.5,5.5,5.5,145.0
56,08/06/2009,5.0,5.0,5.0,5.0,300.0
57,08/07/2009,5.0,5.0,5.0,5.0,615.0
58,08/10/2009,5.0,5.0,5.0,5.0,370.0
59,08/11/2009,5.0,5.0,5.0,5.0,300.0
60,08/12/2009,5.0,5.0,5.0,5.0,332.0
61,08/13/2009,5.0,5.0,5.0,5.0,200.0
62,08/17/2009,5.0,5.0,5.0,5.0,270.0
63,08/18/2009,5.0,5.0,5.0,5.0,55.0
64,08/19/2009,5.0,5.0,5.0,5.0,20.0
65,08/21/2009,5.0,10.0,5.0,10.0,125.0
66,08/24/2009,5.0,5.0,5.0,5.0,317.0
67,08/25/2009,5.0,5.0,5.0,5.0,7.0
68,08/26/2009,5.0,5.0,5.0,5.0,200.0
69,08/27/2009,5.0,5.0,5.0,5.0,20.0
70,08/28/2009,5.0,5.0,5.0,5.0,136.0
71,08/31/2009,5.0,9.0,5.0,9.0,59.0
72,09/01/2009,5.0,9.0,5.0,7.0,217.0
73,09/02/2009,7.0,7.0,7.0,7.0,1.0
74,09/08/2009,4.0,10.0,4.0,10.0,4.0
75,09/11/2009,8.0,10.0,8.0,10.0,1840.0
76,09/14/2009,8.0,11.0,8.0,11.0,280.0
77,09/16/2009,8.0,8.0,8.0,8.0,45.0
78,09/18/2009,8.0,8.0,8.0,8.0,57.0
79,09/21/2009,8.0,8.0,8.0,8.0,20.0
80,09/22/2009,8.0,11.0,8.0,11.0,120.0
81,09/23/2009,8.0,8.0,8.0,8.0,54.0
82,09/24/2009,8.0,8.0,8.0,8.0,207.0
83,09/25/2009,8.0,11.0,8.0,11.0,52.0
84,09/28/2009,8.0,8.0,8.0,8.0,71.0
85,09/29/2009,8.0,8.0,8.0,8.0,64.0
86,10/01/2009,8.0,8.0,4.0,4.0,51.0
87,10/02/2009,5.0,5.2,5.0,5.2,49.0
88,10/07/2009,8.0,8.6,8.0,8.0,288.0
89,10/08/2009,8.0,8.0,8.0,8.0,30.0
90,10/12/2009,8.0,8.0,8.0,8.0,15.0
91,10/13/2009,8.0,8.0,8.0,8.0,200.0
92,10/14/2009,8.0,8.0,8.0,8.0,50.0
93,10/15/2009,8.0,8.0,8.0,8.0,10.0
94,10/19/2009,8.0,8.0,8.0,8.0,26.0
95,10/20/2009,8.0,8.0,8.0,8.0,1040.0
96,10/22/2009,8.0,8.0,8.0,8.0,30.0
97,10/26/2009,8.0,8.0,8.0,8.0,145.0
98,10/27/2009,8.0,8.0,8.0,8.0,64.0
99,10/28/2009,8.0,8.0,8.0,8.0,2.0
100,11/02/2009,8.0,8.0,8.0,8.0,62.0
101,11/04/2009,8.6,8.6,8.6,8.6,10.0
102,11/09/2009,8.0,8.0,8.0,8.0,800.0
103,11/19/2009,7.0,7.0,7.0,7.0,1.0
104,11/23/2009,6.0,6.0,5.0,5.0,100.0
105,11/24/2009,5.0,5.0,4.0,4.0,90.0
106,11/30/2009,4.0,4.0,3.0,3.0,210.0
107,12/01/2009,3.0,3.0,3.0,3.0,200.0
108,12/04/2009,3.0,3.0,3.0,3.0,50.0
109,12/09/2009,3.0,3.0,3.0,3.0,10.0
110,12/16/2009,3.0,3.0,3.0,3.0,30.0
111,12/21/2009,2.5,2.5,2.5,2.5,40.0
112,12/29/2009,2.5,2.5,2.5,2.5,75.0
113,12/30/2009,2.1,2.1,1.0,1.1,7350.0
114,12/31/2009,1.3,1.3,1.0,1.0,1460.0
115,01/11/2010,0.75,0.75,0.75,0.75,200.0
116,01/12/2010,0.8,0.8,0.8,0.8,550.0
117,01/13/2010,0.7,0.7,0.7,0.7,280.0
118,01/15/2010,0.7,0.7,0.7,0.7,10.0
119,01/19/2010,0.51,0.7,0.51,0.7,2266.0
120,01/21/2010,0.6,0.6,0.59,0.6,800.0
121,01/25/2010,0.6,0.6,0.6,0.6,100.0
122,01/26/2010,0.6,0.6,0.5,0.5,150.0
123,01/28/2010,0.75,0.75,0.75,0.75,150.0
124,01/29/2010,0.75,0.75,0.75,0.75,50.0
125,03/18/2010,0.8,0.8,0.8,0.8,10.0
126,03/19/2010,0.8,0.8,0.8,0.8,210.0
127,03/23/2010,1.0,1.49,1.0,1.0,723.0
128,03/29/2010,1.0,1.1,1.0,1.1,500.0
129,03/30/2010,1.1,1.1,1.1,1.1,50.0
130,04/01/2010,2.0,2.0,1.5,1.79,2050.0
131,04/05/2010,1.8,1.8,1.5,1.5,2780.0
132,04/07/2010,0.8,0.8,0.8,0.8,7.0
133,04/08/2010,1.49,1.49,1.49,1.49,500.0
134,04/09/2010,1.99,4.0,1.99,2.5,780.0
135,04/12/2010,2.5,2.5,1.07,1.49,2115.0
136,04/13/2010,1.5,1.99,0.95,1.1,4759.0
137,04/14/2010,1.0,1.0,0.42,0.6,44935.0
138,04/15/2010,0.63,0.65,0.5,0.5,15783.0
139,04/16/2010,0.55,0.69,0.55,0.6,2880.0
140,04/19/2010,0.5,0.52,0.4,0.52,18845.0
141,04/20/2010,0.52,0.79,0.35,0.79,790.0
142,04/21/2010,0.79,0.79,0.37,0.68,1709.0
143,04/22/2010,0.65,0.65,0.4,0.65,398.0
144,04/23/2010,0.37,0.52,0.3,0.52,11070.0
145,04/26/2010,0.32,0.32,0.26,0.3,1227.0
146,04/27/2010,0.51,0.51,0.25,0.25,651.0
147,04/28/2010,0.4,0.4,0.4,0.4,50.0
148,04/29/2010,0.4,0.4,0.4,0.4,250.0
149,05/03/2010,0.4,0.4,0.4,0.4,50.0
150,05/04/2010,0.25,0.49,0.2,0.3,5450.0
151,05/05/2010,0.4,0.4,0.4,0.4,100.0
152,05/11/2010,0.21,0.3,0.21,0.3,2005.0
153,05/17/2010,0.25,0.6,0.25,0.6,7475.0
154,05/18/2010,0.48,0.48,0.33,0.33,460.0
155,05/19/2010,0.3,0.3,0.3,0.3,250.0
156,05/20/2010,0.3,0.48,0.3,0.48,357.0
157,05/25/2010,0.48,0.48,0.21,0.48,642.0
158,05/27/2010,0.38,0.4,0.38,0.4,1820.0
159,05/28/2010,0.3,0.3,0.3,0.3,1000.0
160,06/01/2010,0.3,0.3,0.3,0.3,1666.0
161,06/02/2010,0.22,0.37,0.21,0.37,2684.0
162,06/07/2010,0.21,0.27,0.21,0.27,600.0
163,06/08/2010,0.3,0.34,0.3,0.3,3001.0
164,06/09/2010,0.35,1.5,0.35,0.7,40433.0
165,06/10/2010,0.79,0.79,0.5,0.79,11192.0
166,06/11/2010,0.56,0.6,0.56,0.6,263.0
167,06/14/2010,0.6,0.7,0.56,0.7,2767.0
168,06/15/2010,0.7,0.7,0.65,0.65,1923.0
169,06/16/2010,0.65,0.79,0.65,0.75,1627.0
170,06/17/2010,0.7,0.7,0.7,0.7,50.0
171,06/18/2010,0.6,0.75,0.56,0.75,2358.0
172,06/21/2010,0.7,0.7,0.7,0.7,500.0
173,06/23/2010,0.53,0.53,0.53,0.53,240.0
174,06/24/2010,0.53,0.53,0.53,0.53,500.0
175,06/25/2010,0.53,0.55,0.5,0.5,2410.0
176,06/29/2010,0.5,0.5,0.5,0.5,200.0
177,07/02/2010,0.45,0.5,0.45,0.5,1579.0
178,07/08/2010,0.31,0.31,0.25,0.25,3078.0
179,07/09/2010,0.5,0.5,0.5,0.5,100.0
180,07/13/2010,0.5,0.5,0.5,0.5,50.0
181,07/26/2010,0.22,0.22,0.22,0.22,2.0
182,07/30/2010,0.22,0.22,0.21,0.21,150.0
183,08/12/2010,0.21,0.21,0.21,0.21,2.0
184,08/13/2010,0.18,0.18,0.18,0.18,50.0
185,08/24/2010,0.18,0.18,0.18,0.18,500.0
186,08/27/2010,0.18,0.18,0.18,0.18,160.0
187,09/01/2010,0.2,0.2,0.18,0.18,1500.0
188,09/02/2010,0.21,0.5,0.17,0.47,22379.0
189,09/07/2010,0.3,0.45,0.3,0.39,733.0
190,09/16/2010,0.21,0.35,0.21,0.3,700.0
191,10/06/2010,0.15,0.3,0.15,0.3,420.0
192,10/08/2010,0.35,0.47,0.35,0.42,8340.0
193,10/11/2010,0.54,0.54,0.54,0.54,360.0
194,10/18/2010,0.36,0.36,0.35,0.35,150.0
195,10/20/2010,0.4,0.4,0.4,0.4,2.0
196,10/21/2010,0.5,0.5,0.5,0.5,120.0
197,10/22/2010,0.2,0.45,0.2,0.45,210.0
198,10/25/2010,0.4,0.45,0.4,0.45,200.0
199,11/04/2010,0.25,0.39,0.25,0.39,263.0
200,11/05/2010,0.24,0.24,0.24,0.24,10.0
201,11/08/2010,0.35,0.35,0.35,0.35,98.0
202,11/12/2010,0.2,0.2,0.16,0.16,2000.0
203,11/15/2010,0.25,0.3,0.25,0.3,200.0
204,11/30/2010,0.16,0.32,0.16,0.32,180.0
205,12/16/2010,0.17,0.17,0.15,0.15,1300.0
206,12/22/2010,0.16,0.3,0.16,0.3,170.0
207,12/28/2010,0.16,0.16,0.16,0.16,40.0
208,12/30/2010,0.17,0.17,0.17,0.17,800.0
209,01/05/2011,0.17,0.17,0.17,0.17,250.0
210,02/03/2011,0.25,0.48,0.22,0.37,5895.0
211,02/04/2011,0.35,0.35,0.25,0.25,1050.0
212,02/07/2011,0.25,0.25,0.25,0.25,550.0
213,02/09/2011,0.35,0.35,0.23,0.23,497.0
214,02/11/2011,0.34,0.34,0.34,0.34,100.0
215,02/14/2011,0.22,0.22,0.22,0.22,90.0
216,02/17/2011,0.22,0.22,0.22,0.22,1530.0
217,02/22/2011,0.22,0.22,0.22,0.22,50.0
218,03/08/2011,0.13,0.13,0.13,0.13,4.0
219,03/16/2011,0.13,0.13,0.13,0.13,1.0
220,03/28/2011,0.22,0.22,0.22,0.22,450.0
221,04/01/2011,0.34,0.34,0.3,0.3,682.0
222,04/28/2011,0.15,0.15,0.15,0.15,8.0
223,05/10/2011,0.15,0.15,0.15,0.15,570.0
224,05/17/2011,0.27,0.27,0.27,0.27,5.0
225,06/20/2011,0.15,0.2,0.15,0.2,578.0
226,06/21/2011,0.27,0.27,0.27,0.27,50.0
227,06/23/2011,0.2,0.2,0.13,0.13,250.0
228,06/24/2011,0.15,0.15,0.13,0.13,250.0
229,06/27/2011,0.15,0.15,0.15,0.15,728.0
230,06/28/2011,0.2,0.29,0.2,0.29,812.0
231,06/30/2011,0.29,0.29,0.29,0.29,550.0
232,07/01/2011,0.2,0.2,0.2,0.2,595.0
233,07/06/2011,0.2,0.2,0.2,0.2,50.0
234,07/13/2011,0.2,0.2,0.2,0.2,125.0
235,07/18/2011,0.2,0.2,0.2,0.2,50.0
236,07/26/2011,0.27,0.9,0.27,0.85,23217.0
237,07/27/2011,0.85,0.85,0.45,0.47,4587.0
238,07/28/2011,0.47,0.6,0.46,0.59,2031.0
239,07/29/2011,0.35,0.58,0.35,0.58,94.0
240,08/01/2011,0.35,0.58,0.35,0.58,3552.0
241,08/03/2011,0.58,1.5,0.58,1.5,32134.0
242,08/04/2011,1.0,4.7,1.0,1.6,86146.0
243,08/05/2011,1.3,1.4,0.76,0.89,17175.0
244,08/08/2011,1.0,1.28,0.76,0.79,14467.0
245,08/09/2011,0.79,0.99,0.79,0.99,3523.0
246,08/10/2011,0.9,0.9,0.5,0.51,1275.0
247,08/11/2011,0.5,0.79,0.5,0.79,6300.0
248,08/12/2011,0.55,0.9,0.55,0.79,2657.0
249,08/15/2011,0.79,0.79,0.79,0.79,44.0
250,08/16/2011,0.79,0.85,0.55,0.55,2560.0
251,08/17/2011,0.55,0.85,0.55,0.85,2494.0
252,08/18/2011,0.85,0.85,0.55,0.8,1685.0
253,08/19/2011,0.55,0.55,0.55,0.55,60.0
254,08/22/2011,0.55,0.55,0.51,0.51,2959.0
255,08/24/2011,0.8,0.8,0.8,0.8,55.0
256,08/25/2011,0.51,0.8,0.51,0.8,118.0
257,08/26/2011,0.8,0.8,0.8,0.8,100.0
258,08/30/2011,0.55,0.55,0.5,0.5,2520.0
259,08/31/2011,0.79,0.79,0.79,0.79,15.0
260,09/01/2011,0.79,0.79,0.79,0.79,300.0
261,09/02/2011,0.7,0.78,0.55,0.55,1020.0
262,09/06/2011,0.77,0.77,0.61,0.61,930.0
263,09/07/2011,0.77,0.77,0.77,0.77,15.0
264,09/08/2011,0.62,0.77,0.61,0.77,6640.0
265,09/15/2011,0.54,0.54,0.54,0.54,588.0
266,09/16/2011,0.43,0.65,0.43,0.65,325.0
267,09/19/2011,0.75,0.75,0.75,0.75,15.0
268,09/27/2011,0.43,0.43,0.43,0.43,59.0
269,09/28/2011,0.74,0.74,0.74,0.74,10.0
270,09/29/2011,0.43,0.65,0.43,0.65,620.0
271,10/03/2011,0.69,0.69,0.69,0.69,10.0
272,10/05/2011,0.43,0.68,0.43,0.68,105.0
273,10/07/2011,0.43,0.43,0.35,0.35,730.0
274,10/10/2011,0.5,0.5,0.5,0.5,15.0
275,10/25/2011,0.35,0.35,0.35,0.35,295.0
276,10/26/2011,0.5,0.5,0.4,0.5,1405.0
277,11/02/2011,0.35,0.35,0.35,0.35,50.0
278,11/03/2011,0.45,0.45,0.45,0.45,90.0
279,11/04/2011,0.49,0.49,0.49,0.49,15.0
280,11/07/2011,0.49,0.49,0.49,0.49,600.0
281,11/15/2011,0.3,0.3,0.3,0.3,45.0
282,11/17/2011,0.45,0.45,0.45,0.45,10.0
283,11/21/2011,0.3,0.32,0.26,0.32,530.0
284,11/23/2011,0.29,0.29,0.26,0.26,150.0
285,11/28/2011,0.32,0.32,0.32,0.32,50.0
286,12/09/2011,0.26,0.26,0.26,0.26,7.0
287,12/13/2011,0.26,0.26,0.26,0.26,13.0
288,12/14/2011,0.2,0.2,0.2,0.2,320.0
289,12/15/2011,0.2,0.2,0.2,0.2,20.0
290,12/16/2011,0.2,0.2,0.2,0.2,1551.0
291,12/21/2011,0.32,0.32,0.32,0.32,50.0
292,12/27/2011,0.2,0.2,0.2,0.2,234.0
293,01/13/2012,0.32,0.32,0.32,0.32,25.0
294,01/30/2012,0.15,0.15,0.13,0.13,5844.0
295,02/06/2012,0.35,0.35,0.35,0.35,10.0
296,02/07/2012,0.35,0.35,0.35,0.35,450.0
297,02/24/2012,0.13,0.35,0.13,0.35,75.0
298,03/09/2012,0.35,0.35,0.35,0.35,50.0
299,03/13/2012,0.35,0.35,0.35,0.35,100.0
300,04/04/2012,0.13,0.13,0.13,0.13,380.0
301,04/16/2012,0.2,0.35,0.2,0.35,2100.0
302,05/07/2012,0.14,0.14,0.14,0.14,100.0
303,05/09/2012,0.14,0.14,0.14,0.14,1.0
304,05/16/2012,0.14,0.14,0.14,0.14,386.0
305,06/07/2012,0.13,0.13,0.13,0.13,7.0
306,06/11/2012,0.13,0.13,0.13,0.13,2000.0
307,06/13/2012,0.25,0.25,0.24,0.24,42.0
308,07/23/2012,0.13,0.24,0.13,0.24,488.0
309,08/22/2012,0.13,0.13,0.13,0.13,600.0
310,10/02/2012,0.13,0.13,0.1,0.1,500.0
311,10/18/2012,0.1,0.1,0.08,0.08,4000.0
312,10/24/2012,0.08,0.08,0.08,0.08,10.0
313,11/05/2012,0.08,0.08,0.08,0.08,2057.0
314,11/21/2012,0.08,0.08,0.08,0.08,1671.0
315,11/23/2012,0.08,0.08,0.08,0.08,600.0
316,11/27/2012,0.2095,0.2095,0.2095,0.2095,1457.0
317,12/07/2012,0.08,0.08,0.08,0.08,7800.0
318,12/17/2012,0.18,0.18,0.08,0.08,4890.0
319,12/31/2012,0.08,0.08,0.08,0.08,2000.0
320,01/08/2013,0.16899999999999998,0.16899999999999998,0.08,0.08,4440.0
321,02/07/2013,0.14,0.14,0.14,0.14,5000.0
322,03/05/2013,0.005,0.179,0.005,0.179,1156.0
323,03/21/2013,0.05,0.179,0.05,0.179,7387.0
324,04/25/2013,0.11,0.11,0.11,0.11,5000.0
325,05/20/2013,0.179,0.18,0.15,0.18,19520.0
326,05/21/2013,0.19,0.2,0.182,0.182,22291.0
327,05/24/2013,0.23,0.23,0.23,0.23,500.0
328,05/28/2013,0.25,0.26,0.22,0.26,184250.0
329,05/29/2013,0.26,0.265,0.26,0.265,35455.0
330,05/30/2013,0.265,0.2775,0.265,0.2775,106000.0
331,06/03/2013,0.26,0.28,0.26,0.28,69000.0
332,06/04/2013,0.2825,0.3,0.2825,0.29,169909.0
333,06/05/2013,0.29,0.2975,0.2875,0.2975,86900.0
334,06/06/2013,0.2875,0.29,0.2875,0.29,6000.0
335,06/07/2013,0.2875,0.3,0.2875,0.3,140000.0
336,06/10/2013,0.3,0.3,0.3,0.3,30000.0
337,06/11/2013,0.3,0.31,0.3,0.3025,41234.0
338,06/12/2013,0.3025,0.31,0.3,0.31,105000.0
339,06/13/2013,0.312,0.32,0.305,0.32,169186.0
340,06/14/2013,0.31,0.325,0.31,0.325,72520.0
341,06/17/2013,0.325,0.325,0.31,0.32,97930.0
342,06/18/2013,0.325,0.327,0.31,0.31,56050.0
343,06/19/2013,0.31,0.319,0.25,0.319,15491.0
344,06/24/2013,0.24,0.32,0.2,0.32,23608.0
345,06/25/2013,0.32,0.32,0.305,0.32,26988.0
346,06/26/2013,0.3,0.32,0.3,0.32,2200.0
347,06/27/2013,0.215,0.32,0.215,0.32,56100.0
348,06/28/2013,0.275,0.32,0.275,0.32,8000.0
349,07/01/2013,0.23,0.32,0.23,0.32,5500.0
350,07/02/2013,0.32,0.32,0.28,0.28,36000.0
351,07/03/2013,0.3,0.3,0.3,0.3,200.0
352,07/05/2013,0.28,0.32,0.28,0.32,22700.0
353,07/08/2013,0.27,0.31,0.27,0.31,1300.0
354,07/12/2013,0.31,0.31,0.31,0.31,200.0
355,07/17/2013,0.22,0.3,0.22,0.3,250.0
356,07/18/2013,0.22899999999999998,0.299,0.22899999999999998,0.299,3100.0
357,07/19/2013,0.22899999999999998,0.3,0.22899999999999998,0.3,3257.0
358,07/23/2013,0.15,0.29,0.15,0.28,5990.0
359,07/24/2013,0.28,0.28,0.28,0.28,100.0
360,07/25/2013,0.245,0.28,0.22,0.28,3500.0
361,08/23/2013,0.13,0.2744,0.13,0.2744,700.0
362,09/11/2013,0.25,0.261,0.25,0.261,50243.0
363,09/12/2013,0.14,0.2,0.14,0.2,25528.0
364,09/16/2013,0.11,0.15,0.0601,0.15,36400.0
365,09/23/2013,0.08,0.09,0.08,0.09,43000.0
366,09/25/2013,0.07,0.14,0.07,0.14,4550.0
367,09/26/2013,0.08,0.09,0.08,0.09,42000.0
368,09/27/2013,0.081,0.081,0.081,0.081,9800.0
369,10/01/2013,0.149,0.149,0.09,0.09,60500.0
370,10/02/2013,0.09,0.11,0.07,0.11,22325.0
371,10/21/2013,0.07,0.07,0.06,0.06,46500.0
372,10/22/2013,0.1,0.1,0.1,0.1,1000.0
373,10/25/2013,0.095,0.095,0.095,0.095,18000.0
374,10/28/2013,0.095,0.125,0.081,0.1,1537496.0
375,10/29/2013,0.095,0.099,0.042,0.045,459057.0
376,10/30/2013,0.045,0.064,0.03,0.04,333606.0
377,10/31/2013,0.04,0.04,0.04,0.04,8120.0
378,11/01/2013,0.045,0.045,0.035,0.04,8115.0
379,11/04/2013,0.04,0.04,0.035,0.035,105150.0
380,11/05/2013,0.035,0.035,0.035,0.035,10000.0
381,11/06/2013,0.03,0.045,0.025,0.045,27457.0
382,11/07/2013,0.025,0.035,0.025,0.035,25500.0
383,11/08/2013,0.035,0.035,0.025,0.03,20211.0
384,11/11/2013,0.03,0.03,0.025,0.025,12200.0
385,11/12/2013,0.025,0.04,0.025,0.035,25120.0
386,11/13/2013,0.035,0.035,0.035,0.035,1000.0
387,11/14/2013,0.025,0.025,0.025,0.025,530.0
388,11/18/2013,0.025,0.025,0.025,0.025,1000.0
389,11/19/2013,0.025,0.025,0.025,0.025,5000.0
390,11/21/2013,0.03,0.03,0.03,0.03,3000.0
391,11/25/2013,0.025,0.025,0.025,0.025,3500.0
392,11/26/2013,0.025,0.025,0.02,0.02,42400.0
393,11/29/2013,0.0141,0.02,0.0141,0.02,13700.0
394,12/02/2013,0.02,0.02,0.015,0.02,46813.0
395,12/04/2013,0.02,0.02,0.02,0.02,5000.0
396,12/06/2013,0.02,0.02,0.02,0.02,5000.0
397,12/12/2013,0.015,0.015,0.015,0.015,10000.0
398,12/16/2013,0.015,0.02,0.015,0.02,370.0
399,12/17/2013,0.015,0.015,0.015,0.015,1075.0
400,12/18/2013,0.02,0.02,0.015,0.015,4400.0
401,12/23/2013,0.015,0.015,0.015,0.015,12000.0
402,12/24/2013,0.015,0.015,0.015,0.015,19893.0
403,12/26/2013,0.015,0.015,0.0141,0.0141,11050.0
404,12/31/2013,0.0141,0.0141,0.0141,0.0141,4250.0
405,01/03/2014,0.0141,0.0141,0.0141,0.0141,3000.0
406,01/06/2014,0.0141,0.0141,0.006999999999999999,0.008,140560.0
407,01/07/2014,0.02,0.02,0.02,0.02,5000.0
408,01/21/2014,0.008,0.008,0.008,0.008,1200.0
409,01/28/2014,0.01,0.01,0.01,0.01,10500.0
410,02/03/2014,0.01,0.01,0.01,0.01,1000.0
411,02/04/2014,0.0101,0.0101,0.0101,0.0101,23222.0
412,02/10/2014,0.02,0.02,0.02,0.02,152200.0
413,02/14/2014,0.03,0.045,0.03,0.045,40000.0
414,02/18/2014,0.0376,0.06,0.0376,0.045,254382.0
415,02/19/2014,0.045,0.05,0.035,0.05,230454.0
416,02/26/2014,0.0401,0.05,0.0401,0.05,21385.0
417,02/27/2014,0.02,0.06,0.02,0.06,101100.0
418,02/28/2014,0.06,0.06,0.0401,0.06,33900.0
419,03/05/2014,0.0251,0.08,0.0251,0.055,97222.0
420,03/12/2014,0.0251,0.05,0.0251,0.05,22100.0
421,03/13/2014,0.0311,0.0311,0.0311,0.0311,630.0
422,03/18/2014,0.04,0.11,0.04,0.07,173677.0
423,03/19/2014,0.11,0.3,0.087,0.18,584416.0
424,03/20/2014,0.151,0.22,0.151,0.22,107140.0
425,03/21/2014,0.3,0.3,0.18,0.19,131662.0
426,03/24/2014,0.2,0.24,0.17,0.24,244237.0
427,03/25/2014,0.24,0.27,0.2,0.27,44916.0
428,03/27/2014,0.24,0.3,0.24,0.3,1996.0
429,03/28/2014,0.3,0.3,0.24,0.295,58636.0
430,03/31/2014,0.255,0.29,0.22,0.27,50406.0
431,04/01/2014,0.26,0.28,0.25,0.28,6200.0
432,04/02/2014,0.27,0.28,0.27,0.28,33215.0
433,04/03/2014,0.26,0.285,0.25,0.285,63317.0
434,04/04/2014,0.265,0.265,0.265,0.265,2500.0
435,04/09/2014,0.265,0.265,0.265,0.265,33215.0
436,04/10/2014,0.265,0.27,0.26,0.27,39169.0
437,04/11/2014,0.26,0.26,0.2,0.24,186598.0
438,04/14/2014,0.24,0.24,0.24,0.24,625.0
439,04/15/2014,0.205,0.2148,0.185,0.2,76832.0
440,04/16/2014,0.2,0.2,0.18100000000000002,0.2,23522.0
441,04/21/2014,0.2,0.2,0.171,0.171,44451.0
442,04/22/2014,0.171,0.171,0.171,0.171,5000.0
443,04/23/2014,0.2089,0.2089,0.195,0.195,10075.0
444,04/24/2014,0.205,0.20600000000000002,0.2,0.2,23582.0
445,04/25/2014,0.19,0.19,0.19,0.19,7317.0
446,04/28/2014,0.2,0.28,0.2,0.25,77333.0
447,04/29/2014,0.27,0.27,0.26,0.27,8050.0
448,04/30/2014,0.27,0.299,0.27,0.299,46932.0
449,05/01/2014,0.29,0.299,0.28,0.295,25900.0
450,05/02/2014,0.2501,0.295,0.2501,0.295,3100.0
451,05/05/2014,0.295,0.31,0.29,0.295,13621.0
452,05/06/2014,0.2601,0.2601,0.26,0.26,25778.0
453,05/07/2014,0.2888,0.2888,0.2888,0.2888,1000.0
454,05/08/2014,0.2888,0.31,0.2888,0.31,62082.0
455,05/09/2014,0.309,0.31,0.25,0.25,204180.0
456,05/12/2014,0.28,0.32,0.2,0.29,106617.0
457,05/14/2014,0.29,0.29,0.29,0.29,500.0
458,05/15/2014,0.2914,0.2914,0.2914,0.2914,3000.0
459,05/21/2014,0.26,0.29,0.26,0.29,5200.0
460,05/22/2014,0.28,0.28,0.26,0.26,25799.0
461,05/27/2014,0.24,0.25,0.23,0.25,18988.0
462,05/28/2014,0.24,0.27,0.21,0.27,50781.0
463,05/29/2014,0.25,0.25,0.25,0.25,8000.0
464,05/30/2014,0.21,0.27,0.21,0.27,16700.0
465,06/02/2014,0.26,0.26,0.25,0.26,27900.0
466,06/03/2014,0.27,0.27,0.27,0.27,12500.0
467,06/04/2014,0.26,0.26,0.23,0.26,59473.0
468,06/06/2014,0.265,0.2839,0.25,0.2839,226363.0
469,06/09/2014,0.25,0.25,0.2399,0.2399,20633.0
470,06/10/2014,0.2399,0.284,0.22,0.2249,14563.0
471,06/11/2014,0.2249,0.24,0.2249,0.24,10338.0
472,06/12/2014,0.25,0.25,0.24,0.24,16931.0
473,06/13/2014,0.26,0.26,0.26,0.26,120.0
474,06/16/2014,0.24,0.24,0.24,0.24,22969.0
475,06/17/2014,0.26,0.26,0.26,0.26,100.0
476,06/20/2014,0.25,0.25,0.25,0.25,20000.0
477,06/24/2014,0.23,0.25,0.23,0.25,8100.0
478,06/26/2014,0.25,0.25,0.25,0.25,4000.0
479,06/30/2014,0.24,0.24,0.24,0.24,4000.0
480,07/01/2014,0.24,0.49,0.24,0.28,34014.0
481,07/02/2014,0.27,0.27,0.27,0.27,10412.0
482,07/03/2014,0.27,0.27,0.27,0.27,550.0
483,07/07/2014,0.29,0.29,0.285,0.285,12000.0
484,07/08/2014,0.27,0.27,0.27,0.27,10103.0
485,07/09/2014,0.27,0.27,0.27,0.27,3000.0
486,07/10/2014,0.28,0.28,0.27,0.27,32000.0
487,07/14/2014,0.21,0.28,0.21,0.28,8442.0
488,07/15/2014,0.25,0.2899,0.25,0.28,20610.0
489,07/16/2014,0.27,0.27,0.27,0.27,2230.0
490,07/17/2014,0.27,0.27,0.27,0.27,10000.0
491,07/18/2014,0.27,0.27,0.26,0.27,20500.0
492,07/21/2014,0.28,0.28,0.28,0.28,3000.0
493,07/22/2014,0.28,0.28,0.27,0.27,22500.0
494,07/28/2014,0.27,0.28,0.27,0.28,2900.0
495,07/29/2014,0.28,0.29,0.27,0.27,14892.0
496,07/30/2014,0.2603,0.29,0.2603,0.29,35804.0
497,08/01/2014,0.29,0.29,0.29,0.29,100.0
498,08/05/2014,0.26,0.26,0.26,0.26,4000.0
499,08/06/2014,0.31,0.31,0.21,0.26,7540.0
500,08/07/2014,0.26,0.26,0.26,0.26,615.0
501,08/11/2014,0.26,0.26,0.26,0.26,6000.0
502,08/12/2014,0.26,0.26,0.23,0.26,46333.0
503,08/13/2014,0.25,0.25,0.25,0.25,2500.0
504,08/15/2014,0.26,0.26,0.26,0.26,9000.0
505,08/19/2014,0.26,0.27,0.26,0.27,5000.0
506,08/21/2014,0.23,0.28,0.23,0.27,2600.0
507,08/25/2014,0.2305,0.28,0.2305,0.28,2000.0
508,08/26/2014,0.27,0.29,0.27,0.29,122738.0
509,08/27/2014,0.29,0.295,0.29,0.295,58800.0
510,08/28/2014,0.3,0.3,0.22,0.29,25949.0
511,08/29/2014,0.2725,0.285,0.265,0.265,10700.0
512,09/02/2014,0.29,0.295,0.28,0.295,12510.0
513,09/03/2014,0.295,0.3,0.29,0.29,38000.0
514,09/04/2014,0.3,0.3,0.295,0.298,79745.0
515,09/05/2014,0.298,0.31,0.2901,0.299,49018.0
516,09/08/2014,0.285,0.285,0.27,0.27,35400.0
517,09/09/2014,0.27899999999999997,0.285,0.27899999999999997,0.285,8689.0
518,09/11/2014,0.28,0.285,0.28,0.285,4000.0
519,09/12/2014,0.2301,0.2839,0.2301,0.2839,14000.0
520,09/15/2014,0.26,0.26,0.2401,0.2401,21000.0
521,09/16/2014,0.245,0.2849,0.245,0.2849,9000.0
522,09/18/2014,0.2688,0.27899999999999997,0.26,0.27899999999999997,33000.0
523,09/19/2014,0.2601,0.29,0.26,0.29,27000.0
524,09/22/2014,0.2601,0.2799,0.26,0.2799,22500.0
525,09/23/2014,0.26,0.26,0.26,0.26,16446.0
526,09/26/2014,0.25,0.25,0.25,0.25,2500.0
527,09/29/2014,0.2699,0.2699,0.22,0.2649,5800.0
528,09/30/2014,0.22,0.2698,0.22,0.2698,2500.0
529,10/06/2014,0.2251,0.2499,0.21,0.2499,19402.0
530,10/10/2014,0.15,0.2199,0.15,0.2199,35649.0
531,10/15/2014,0.13,0.22,0.13,0.21,9395.0
532,10/21/2014,0.16,0.21,0.16,0.21,11005.0
533,10/24/2014,0.13,0.1889,0.1,0.1889,96800.0
534,10/27/2014,0.18,0.18,0.18,0.18,10495.0
535,10/28/2014,0.12,0.18,0.12,0.18,1326.0
536,11/03/2014,0.18,0.185,0.18,0.185,22500.0
537,11/06/2014,0.21,0.21,0.21,0.21,3500.0
538,11/10/2014,0.21,0.21,0.21,0.21,5000.0
539,11/11/2014,0.2,0.25,0.2,0.21,15740.0
540,11/12/2014,0.21,0.215,0.21,0.21,7500.0
541,11/13/2014,0.209,0.209,0.209,0.209,2500.0
542,11/17/2014,0.20800000000000002,0.215,0.2,0.215,42600.0
543,11/19/2014,0.205,0.215,0.205,0.215,7415.0
544,11/20/2014,0.215,0.215,0.215,0.215,2500.0
545,11/21/2014,0.215,0.215,0.215,0.215,2415.0
546,11/25/2014,0.205,0.205,0.205,0.205,2415.0
547,11/28/2014,0.215,0.215,0.215,0.215,1700.0
548,12/01/2014,0.1815,0.1815,0.18,0.18,8470.0
549,12/12/2014,0.18,0.18,0.18,0.18,5000.0
550,12/15/2014,0.19,0.2,0.15,0.2,86300.0
551,12/16/2014,0.2,0.2,0.2,0.2,3430.0
552,12/17/2014,0.2,0.2,0.18,0.2,30296.0
553,12/18/2014,0.2,0.2,0.2,0.2,2500.0
554,12/22/2014,0.15,0.2,0.15,0.2,3813.0
555,12/23/2014,0.15,0.18,0.15,0.18,14320.0
556,12/24/2014,0.17,0.17,0.17,0.17,45156.0
557,12/26/2014,0.17,0.2,0.17,0.2,26844.0
558,12/30/2014,0.198,0.198,0.198,0.198,100.0
559,12/31/2014,0.17,0.192,0.17,0.192,1900.0
560,01/02/2015,0.18,0.198,0.18,0.198,9150.0
561,01/05/2015,0.18,0.18,0.18,0.18,5100.0
562,01/07/2015,0.17800000000000002,0.17800000000000002,0.17800000000000002,0.17800000000000002,5000.0
563,01/08/2015,0.1001,0.22,0.1001,0.2,15017.0
564,01/12/2015,0.19,0.19,0.19,0.19,5000.0
565,01/15/2015,0.1601,0.205,0.1601,0.205,4200.0
566,01/20/2015,0.205,0.205,0.18899999999999997,0.18899999999999997,1744.0
567,01/21/2015,0.18899999999999997,0.18899999999999997,0.18899999999999997,0.18899999999999997,1500.0
568,01/26/2015,0.18899999999999997,0.2,0.18899999999999997,0.192,23662.0
569,01/27/2015,0.17,0.21,0.17,0.2,44501.0
570,01/28/2015,0.2,0.27,0.2,0.22,11942.0
571,01/29/2015,0.22,0.235,0.22,0.22,31288.0
572,02/02/2015,0.22,0.22,0.2195,0.22,6381.0
573,02/03/2015,0.22,0.22,0.22,0.22,3583.0
574,02/04/2015,0.22,0.22,0.22,0.22,20000.0
575,02/05/2015,0.22,0.22,0.22,0.22,450.0
576,02/09/2015,0.22,0.25,0.21,0.25,86162.0
577,02/10/2015,0.25,0.25,0.22,0.245,57409.0
578,02/11/2015,0.242,0.242,0.242,0.242,360.0
579,02/12/2015,0.24,0.24,0.24,0.24,518.0
580,02/13/2015,0.25,0.252,0.2201,0.2201,83782.0
581,02/17/2015,0.25,0.25,0.2001,0.2001,33718.0
582,02/18/2015,0.2002,0.2002,0.2001,0.2001,4700.0
583,02/19/2015,0.225,0.225,0.225,0.225,103.0
584,02/23/2015,0.25,0.25,0.2004,0.2199,14400.0
585,02/25/2015,0.23,0.23,0.22,0.22,12209.0
586,02/26/2015,0.22,0.22,0.2,0.2,55000.0
587,03/02/2015,0.16,0.18,0.16,0.18,14400.0
588,03/03/2015,0.16,0.16,0.16,0.16,4000.0
589,03/04/2015,0.16,0.1848,0.16,0.1848,10000.0
590,03/05/2015,0.1848,0.1848,0.1848,0.1848,11000.0
591,03/06/2015,0.1829,0.1849,0.1829,0.1849,11500.0
592,03/09/2015,0.18,0.183,0.175,0.175,24500.0
593,03/10/2015,0.183,0.183,0.175,0.18100000000000002,28600.0
594,03/11/2015,0.183,0.1849,0.18,0.1849,19500.0
595,03/12/2015,0.19,0.19,0.19,0.19,19000.0
596,03/13/2015,0.19,0.2,0.19,0.2,18565.0
597,03/16/2015,0.2,0.22899999999999998,0.195,0.22899999999999998,134161.0
598,03/17/2015,0.22899999999999998,0.255,0.22899999999999998,0.25,142612.0
599,03/18/2015,0.25,0.253,0.24,0.25,82604.0
600,03/19/2015,0.255,0.257,0.25,0.25,56265.0
601,03/20/2015,0.255,0.2624,0.25,0.26,142113.0
602,03/23/2015,0.26,0.2625,0.245,0.255,190472.0
603,03/24/2015,0.255,0.255,0.24,0.25,93000.0
604,03/25/2015,0.255,0.255,0.2401,0.2549,25900.0
605,03/26/2015,0.2499,0.2499,0.22,0.2201,15120.0
606,03/27/2015,0.2549,0.2549,0.2499,0.2499,4000.0
607,03/30/2015,0.23,0.2499,0.23,0.24,21936.0
608,03/31/2015,0.25,0.25,0.24,0.25,15564.0
609,04/01/2015,0.25,0.25,0.24,0.25,11920.0
610,04/02/2015,0.25,0.255,0.24,0.25,35250.0
611,04/06/2015,0.25,0.25,0.25,0.25,9000.0
612,04/07/2015,0.24,0.25,0.2001,0.25,20010.0
613,04/08/2015,0.2201,0.245,0.2201,0.245,2650.0
614,04/09/2015,0.243,0.245,0.19,0.24,146267.0
615,04/10/2015,0.23800000000000002,0.23800000000000002,0.11,0.18,160050.0
616,04/13/2015,0.185,0.205,0.16899999999999998,0.205,27200.0
617,04/14/2015,0.205,0.205,0.196,0.2,16200.0
618,04/15/2015,0.205,0.25,0.20199999999999999,0.225,73200.0
619,04/16/2015,0.21,0.237,0.21,0.225,26409.0
620,04/17/2015,0.22,0.2585,0.22,0.257,521390.0
621,04/20/2015,0.257,0.26899999999999996,0.25,0.259,226088.0
622,04/21/2015,0.259,0.27399999999999997,0.2201,0.27399999999999997,498923.0
623,04/22/2015,0.275,0.275,0.262,0.275,160800.0
624,04/23/2015,0.26,0.275,0.26,0.27,44569.0
625,04/24/2015,0.265,0.275,0.265,0.271,116122.0
626,04/27/2015,0.27,0.27,0.26,0.2669,38750.0
627,04/29/2015,0.255,0.255,0.2351,0.2351,11000.0
628,04/30/2015,0.2668,0.2668,0.2668,0.2668,4510.0
629,05/01/2015,0.25,0.2668,0.25,0.2667,11250.0
630,05/04/2015,0.265,0.265,0.265,0.265,150.0
631,05/06/2015,0.255,0.26,0.255,0.255,53903.0
632,05/07/2015,0.255,0.255,0.255,0.255,15075.0
633,05/08/2015,0.255,0.255,0.2301,0.2301,1419.0
634,05/11/2015,0.235,0.235,0.2267,0.23,40504.0
635,05/12/2015,0.23,0.23,0.23,0.23,3750.0
636,05/13/2015,0.22699999999999998,0.235,0.22699999999999998,0.23,17300.0
637,05/14/2015,0.235,0.235,0.22,0.22,71300.0
638,05/15/2015,0.23,0.25,0.23,0.25,13003.0
639,05/18/2015,0.253,0.253,0.2201,0.253,7450.0
640,05/19/2015,0.253,0.253,0.235,0.24,24960.0
641,05/20/2015,0.235,0.24,0.22,0.22,90578.0
642,05/21/2015,0.22,0.22,0.22,0.22,7750.0
643,05/22/2015,0.22,0.225,0.21,0.225,23359.0
644,05/26/2015,0.22,0.23,0.22,0.23,4815.0
645,05/27/2015,0.2151,0.2151,0.1801,0.1899,31550.0
646,05/28/2015,0.235,0.24,0.18,0.19,21367.0
647,06/01/2015,0.1999,0.1999,0.1999,0.1999,2500.0
648,06/02/2015,0.1999,0.2,0.1999,0.2,18500.0
649,06/03/2015,0.19,0.2,0.19,0.19,53500.0
650,06/05/2015,0.1811,0.1811,0.1811,0.1811,10000.0
651,06/08/2015,0.18100000000000002,0.2,0.18100000000000002,0.18100000000000002,148484.0
652,06/09/2015,0.18100000000000002,0.18100000000000002,0.15,0.1749,29921.0
653,06/10/2015,0.2249,0.2249,0.135,0.21,127630.0
654,06/11/2015,0.21,0.3,0.21,0.25,106637.0
655,06/12/2015,0.25,0.27,0.25,0.264,535500.0
656,06/15/2015,0.266,0.27,0.26,0.265,242200.0
657,06/16/2015,0.259,0.259,0.2202,0.24,92765.0
658,06/17/2015,0.26,0.27,0.255,0.26,68578.0
659,06/18/2015,0.25,0.27,0.25,0.265,34962.0
660,06/19/2015,0.26,0.26,0.2401,0.255,42390.0
661,06/22/2015,0.255,0.255,0.2401,0.255,31257.0
662,06/23/2015,0.255,0.255,0.22,0.22,64400.0
663,06/24/2015,0.2399,0.2499,0.23,0.2399,14050.0
664,06/25/2015,0.24,0.25,0.24,0.25,8750.0
665,06/26/2015,0.25,0.25,0.24,0.25,18950.0
666,06/29/2015,0.2495,0.25,0.225,0.23,25604.0
667,06/30/2015,0.22,0.2299,0.2,0.2299,9800.0
668,07/01/2015,0.228,0.228,0.228,0.228,4200.0
669,07/02/2015,0.2,0.2,0.192,0.2,17450.0
670,07/06/2015,0.1999,0.2,0.18,0.2,37700.0
671,07/07/2015,0.2,0.2,0.2,0.2,5300.0
672,07/08/2015,0.22399999999999998,0.22399999999999998,0.22399999999999998,0.22399999999999998,2500.0
673,07/09/2015,0.22399999999999998,0.22399999999999998,0.22399999999999998,0.22399999999999998,160.0
674,07/10/2015,0.22699999999999998,0.22699999999999998,0.171,0.2,24500.0
675,07/14/2015,0.155,0.2,0.155,0.1899,8000.0
676,07/15/2015,0.155,0.19,0.15,0.18,187900.0
677,07/16/2015,0.19,0.19,0.19,0.19,25000.0
678,07/17/2015,0.19,0.19,0.19,0.19,5200.0
679,07/20/2015,0.2,0.23,0.19,0.22899999999999998,169285.0
680,07/21/2015,0.23,0.24,0.22,0.23600000000000002,376753.0
681,07/22/2015,0.24,0.24,0.225,0.23,68700.0
682,07/23/2015,0.23,0.23,0.23,0.23,800.0
683,07/24/2015,0.23,0.23,0.1301,0.22,10800.0
684,07/27/2015,0.22,0.22,0.22,0.22,25000.0
685,07/29/2015,0.22,0.22,0.22,0.22,900.0
686,07/30/2015,0.1601,0.2,0.16,0.2,44000.0
687,08/05/2015,0.17,0.17,0.17,0.17,500.0
688,08/06/2015,0.19,0.19,0.1899,0.1899,830.0
689,08/11/2015,0.175,0.175,0.175,0.175,900.0
690,08/12/2015,0.175,0.19,0.175,0.19,20500.0
691,08/13/2015,0.19,0.19,0.19,0.19,1000.0
692,08/18/2015,0.16,0.16,0.16,0.16,5198.0
693,08/19/2015,0.21,0.21,0.17,0.17,8000.0
694,08/25/2015,0.17,0.17,0.17,0.17,1048.0
695,08/26/2015,0.16,0.16,0.16,0.16,700.0
696,08/28/2015,0.16,0.16,0.16,0.16,1250.0
697,08/31/2015,0.162,0.162,0.162,0.162,59000.0
698,09/03/2015,0.165,0.17,0.16,0.16,61300.0
699,09/08/2015,0.155,0.2,0.135,0.16,224072.0
700,09/09/2015,0.135,0.15,0.135,0.15,223372.0
701,09/10/2015,0.15,0.15,0.15,0.15,165.0
702,09/15/2015,0.16,0.17,0.16,0.16899999999999998,32500.0
703,09/16/2015,0.17,0.17,0.15,0.1699,94766.0
704,09/18/2015,0.14,0.18,0.14,0.18,2300.0
705,09/21/2015,0.16,0.16,0.16,0.16,222.0
706,09/22/2015,0.14,0.14,0.14,0.14,240.0
707,09/23/2015,0.14,0.14,0.14,0.14,5000.0
708,09/24/2015,0.159,0.159,0.159,0.159,100.0
709,09/30/2015,0.1,0.15,0.1,0.15,400.0
710,10/01/2015,0.1,0.15,0.064,0.15,2300.0
711,10/02/2015,0.15,0.15,0.1,0.15,90700.0
712,10/05/2015,0.1,0.15,0.1,0.15,500.0
713,10/12/2015,0.1,0.15,0.1,0.15,5200.0
714,10/20/2015,0.115,0.15,0.11,0.15,105600.0
715,10/21/2015,0.15,0.15,0.15,0.15,1000.0
716,10/23/2015,0.1,0.14,0.064,0.1395,36316.0
717,10/26/2015,0.1,0.13,0.1,0.13,5400.0
718,10/30/2015,0.11,0.11,0.1,0.1,6600.0
719,11/02/2015,0.1,0.1,0.1,0.1,11275.0
720,11/04/2015,0.1,0.109,0.1,0.1,21175.0
721,11/05/2015,0.12,0.1245,0.109,0.109,26500.0
722,11/09/2015,0.1,0.1,0.1,0.1,6125.0
723,11/12/2015,0.14,0.14,0.125,0.125,33900.0
724,11/13/2015,0.12,0.12,0.1,0.1,11500.0
725,11/16/2015,0.1,0.1,0.1,0.1,3400.0
726,11/20/2015,0.1,0.1,0.06,0.1,63984.0
727,11/30/2015,0.06,0.0999,0.06,0.09,37095.0
728,12/01/2015,0.09,0.09,0.09,0.09,10000.0
729,12/07/2015,0.06,0.09,0.06,0.09,11650.0
730,12/11/2015,0.09,0.09,0.087,0.087,5818.0
731,12/16/2015,0.087,0.087,0.087,0.087,4000.0
732,12/17/2015,0.085,0.085,0.06,0.06,11207.0
733,12/18/2015,0.06,0.06,0.06,0.06,6250.0
734,12/21/2015,0.06,0.07,0.06,0.07,48320.0
735,12/22/2015,0.055,0.08800000000000001,0.055,0.08800000000000001,31150.0
736,12/23/2015,0.07,0.07,0.07,0.07,3218.0
737,12/28/2015,0.055,0.08800000000000001,0.05,0.08800000000000001,19190.0
738,12/31/2015,0.05,0.05,0.03,0.03,68369.0
739,01/04/2016,0.05,0.05,0.04,0.04,20300.0
740,01/05/2016,0.047,0.047,0.047,0.047,900.0
741,01/06/2016,0.047,0.0495,0.0355,0.0495,42700.0
742,01/07/2016,0.033,0.0495,0.033,0.0495,14816.0
743,01/08/2016,0.0495,0.0495,0.0495,0.0495,2000.0
744,01/11/2016,0.0495,0.05,0.0495,0.05,43200.0
745,01/12/2016,0.05,0.087,0.05,0.087,5100.0
746,01/13/2016,0.08,0.08,0.04,0.04,4989.0
747,01/20/2016,0.07,0.07,0.07,0.07,373.0
748,01/21/2016,0.04,0.08,0.04,0.08,250.0
749,01/25/2016,0.08,0.08,0.08,0.08,1700.0
750,01/26/2016,0.0454,0.07,0.042,0.07,4950.0
751,02/02/2016,0.051,0.064,0.051,0.064,138800.0
752,02/03/2016,0.055,0.055999999999999994,0.05,0.055,79281.0
753,02/04/2016,0.055,0.055,0.0418,0.055,3085.0
754,02/05/2016,0.054000000000000006,0.06,0.054000000000000006,0.057999999999999996,130024.0
755,02/08/2016,0.085,0.085,0.085,0.085,100.0
756,02/09/2016,0.040999999999999995,0.085,0.040999999999999995,0.085,10200.0
757,02/12/2016,0.08,0.08,0.08,0.08,1086.0
758,02/17/2016,0.042,0.06,0.03,0.06,124600.0
759,02/18/2016,0.0745,0.0745,0.0745,0.0745,200.0
760,02/26/2016,0.075,0.15,0.04,0.04,246400.0
761,02/29/2016,0.1,0.1,0.1,0.1,100.0
762,03/03/2016,0.1,0.1,0.1,0.1,2500.0
763,03/04/2016,0.1,0.1,0.1,0.1,100.0
764,03/07/2016,0.1,0.1,0.1,0.1,400.0
765,03/08/2016,0.1,0.1,0.1,0.1,1000.0
766,03/09/2016,0.1,0.1,0.1,0.1,448.0
767,03/10/2016,0.1,0.1,0.1,0.1,148.0
768,03/11/2016,0.04,0.04,0.01,0.0314,30500.0
769,03/14/2016,0.0847,0.0847,0.0847,0.0847,1000.0
770,03/15/2016,0.085,0.085,0.07,0.079,190815.0
771,03/16/2016,0.09,0.1,0.06,0.0863,40850.0
772,03/17/2016,0.08900000000000001,0.08900000000000001,0.0669,0.0777,46838.0
773,03/18/2016,0.09,0.1,0.09,0.1,26895.0
774,03/21/2016,0.1,0.10800000000000001,0.0977,0.1,171096.0
775,03/22/2016,0.0962,0.1,0.0962,0.1,3000.0
776,03/23/2016,0.1,0.1,0.0952,0.0998,15000.0
777,03/24/2016,0.095,0.098,0.08,0.098,34783.0
778,03/28/2016,0.098,0.098,0.0805,0.098,9055.0
779,03/29/2016,0.098,0.098,0.098,0.098,54944.0
780,03/30/2016,0.098,0.098,0.08,0.081,164695.0
781,03/31/2016,0.0944,0.0975,0.085,0.0975,32364.0
782,04/01/2016,0.0975,0.098,0.0939,0.095,31874.0
783,04/04/2016,0.098,0.098,0.09,0.098,9575.0
784,04/05/2016,0.098,0.098,0.08,0.08,58400.0
785,04/06/2016,0.08,0.08,0.0732,0.08,106351.0
786,04/07/2016,0.08,0.08,0.0605,0.08,20496.0
787,04/08/2016,0.08,0.08,0.0702,0.0799,51170.0
788,04/11/2016,0.08,0.08,0.08,0.08,27980.0
789,04/12/2016,0.077,0.08,0.05,0.0566,146500.0
790,04/13/2016,0.0999,0.0999,0.0515,0.0515,108000.0
791,04/14/2016,0.06,0.065,0.06,0.0636,85324.0
792,04/15/2016,0.065,0.08,0.065,0.07400000000000001,50098.0
793,04/18/2016,0.08,0.08,0.07,0.07,38060.0
794,04/19/2016,0.0775,0.08,0.0775,0.08,24850.0
795,04/20/2016,0.079,0.079,0.075,0.075,8350.0
796,04/21/2016,0.09,0.09,0.075,0.075,26559.0
797,04/22/2016,0.0697,0.078,0.0697,0.078,15590.0
798,04/25/2016,0.08,0.09,0.08,0.08,14060.0
799,04/26/2016,0.08,0.08,0.079,0.079,11300.0
800,04/27/2016,0.075,0.08,0.075,0.08,30300.0
801,04/29/2016,0.08,0.08,0.05,0.05,23105.0
802,05/02/2016,0.055,0.07,0.052000000000000005,0.052000000000000005,346857.0
803,05/03/2016,0.0566,0.0566,0.0566,0.0566,5000.0
804,05/04/2016,0.0585,0.06,0.055,0.06,21600.0
805,05/05/2016,0.065,0.07,0.065,0.07,3950.0
806,05/06/2016,0.07,0.09,0.06,0.08,163790.0
807,05/09/2016,0.0835,0.085,0.07,0.0825,14690.0
808,05/10/2016,0.0813,0.0813,0.06,0.0745,97500.0
809,05/12/2016,0.0626,0.0626,0.0626,0.0626,300.0
810,05/13/2016,0.06,0.0618,0.05,0.0595,138389.0
811,05/16/2016,0.0581,0.0581,0.05,0.05,49500.0
812,05/17/2016,0.05,0.087,0.0451,0.0454,35000.0
813,05/18/2016,0.0617,0.0617,0.0617,0.0617,2000.0
814,05/24/2016,0.045,0.068,0.04,0.068,69200.0
815,05/25/2016,0.0625,0.0625,0.0625,0.0625,110.0
816,05/26/2016,0.0451,0.08,0.0451,0.079,101250.0
817,05/27/2016,0.0724,0.0724,0.0451,0.0451,29428.0
818,05/31/2016,0.05,0.05,0.05,0.05,10000.0
819,06/02/2016,0.05,0.0719,0.04,0.04,32694.0
820,06/03/2016,0.042,0.042,0.042,0.042,500.0
821,06/06/2016,0.040999999999999995,0.040999999999999995,0.04,0.04,95500.0
822,06/07/2016,0.0506,0.052000000000000005,0.04,0.0515,35000.0
823,06/08/2016,0.0403,0.0499,0.04,0.0447,12000.0
824,06/09/2016,0.0418,0.05,0.04,0.04,123900.0
825,06/13/2016,0.0411,0.0411,0.03,0.031,570340.0
826,06/14/2016,0.03,0.0325,0.025,0.0324,354290.0
827,06/15/2016,0.0325,0.0325,0.0285,0.0295,89673.0
828,06/16/2016,0.025,0.03,0.015,0.03,605389.0
829,06/17/2016,0.016,0.016,0.016,0.016,4500.0
830,06/20/2016,0.0181,0.0223,0.0181,0.02,37358.0
831,06/22/2016,0.028999999999999998,0.028999999999999998,0.021,0.0211,27000.0
832,06/23/2016,0.0255,0.03,0.015,0.019,1083312.0
833,06/24/2016,0.016,0.016,0.016,0.016,1300.0
834,06/27/2016,0.016,0.02,0.015,0.02,930451.0
835,06/28/2016,0.02,0.02,0.0196,0.0196,2100.0
836,06/29/2016,0.018000000000000002,0.018000000000000002,0.018000000000000002,0.018000000000000002,840.0
837,06/30/2016,0.018000000000000002,0.02,0.015,0.015,274620.0
838,07/01/2016,0.0155,0.0155,0.0155,0.0155,98976.0
839,07/05/2016,0.017,0.017,0.0168,0.017,70000.0
840,07/06/2016,0.018000000000000002,0.018000000000000002,0.0179,0.018000000000000002,101010.0
841,07/07/2016,0.019,0.019,0.0178,0.018000000000000002,74110.0
842,07/08/2016,0.018000000000000002,0.019,0.0179,0.019,90633.0
843,07/11/2016,0.0185,0.019,0.0185,0.019,37498.0
844,07/12/2016,0.019,0.019,0.015,0.015,21671.0
845,07/13/2016,0.015,0.015,0.015,0.015,180000.0
846,07/14/2016,0.018000000000000002,0.019,0.018000000000000002,0.019,10000.0
847,07/15/2016,0.018000000000000002,0.019,0.018000000000000002,0.019,59999.0
848,07/18/2016,0.019,0.019,0.01,0.01,472956.0
849,07/19/2016,0.013999999999999999,0.0175,0.013999999999999999,0.0175,148833.0
850,07/20/2016,0.0175,0.0175,0.012,0.015,75994.0
851,07/21/2016,0.02,0.02,0.017,0.019,36839.0
852,07/22/2016,0.02,0.02,0.02,0.02,20000.0
853,07/25/2016,0.02,0.02,0.015,0.015,50300.0
854,07/27/2016,0.02,0.02,0.0189,0.019,64977.0
855,07/29/2016,0.0199,0.02,0.0199,0.02,4000.0
856,08/02/2016,0.017,0.017,0.017,0.017,20000.0
857,08/03/2016,0.0192,0.02,0.0192,0.02,10000.0
858,08/04/2016,0.02,0.02,0.015,0.02,62349.0
859,08/08/2016,0.0246,0.0578,0.016,0.04,71265.0
860,08/10/2016,0.03,0.03,0.02,0.02,50000.0
861,08/12/2016,0.021,0.021,0.02,0.02,19098.0
862,08/15/2016,0.021,0.021,0.021,0.021,21300.0
863,08/16/2016,0.02,0.037000000000000005,0.02,0.03,67776.0
864,08/17/2016,0.0218,0.03,0.02,0.0201,86502.0
865,08/18/2016,0.0201,0.025,0.02,0.025,256022.0
866,08/19/2016,0.025,0.025,0.0245,0.025,18999.0
867,08/22/2016,0.025,0.025,0.025,0.025,37000.0
868,08/23/2016,0.025,0.025,0.021,0.021,23699.0
869,08/24/2016,0.021,0.021,0.021,0.021,7000.0
870,08/25/2016,0.025,0.025,0.0246,0.0246,14999.0
871,08/26/2016,0.025,0.03,0.025,0.03,85000.0
872,08/29/2016,0.027999999999999997,0.027999999999999997,0.027999999999999997,0.027999999999999997,4999.0
873,08/30/2016,0.027999999999999997,0.027999999999999997,0.027999999999999997,0.027999999999999997,10998.0
874,08/31/2016,0.024,0.024,0.0239,0.0239,28000.0
875,09/01/2016,0.0201,0.0201,0.018000000000000002,0.0197,159600.0
876,09/02/2016,0.0197,0.0197,0.0197,0.0197,131482.0
877,09/07/2016,0.0197,0.0197,0.0194,0.0194,10005.0
878,09/09/2016,0.0194,0.0194,0.0188,0.0188,12000.0
879,09/12/2016,0.018000000000000002,0.018000000000000002,0.0073,0.0073,2989354.0
880,09/13/2016,0.0077,0.009000000000000001,0.0072,0.0073,686338.0
881,09/14/2016,0.0075,0.009000000000000001,0.006,0.008,519405.0
882,09/15/2016,0.006999999999999999,0.0084,0.006,0.0066,857929.0
883,09/16/2016,0.0069,0.0072,0.0067,0.0072,795430.0
884,09/19/2016,0.0063,0.006999999999999999,0.0055,0.0055,640732.0
885,09/20/2016,0.0065,0.0065,0.0056,0.0057,252386.0
886,09/21/2016,0.0061,0.0061,0.0046,0.005,3710936.0
887,09/22/2016,0.0055,0.0055,0.0045,0.0045,1538462.0
888,09/23/2016,0.0046,0.006,0.0036,0.0037,12652647.0
889,09/26/2016,0.0039,0.0067,0.0032,0.0045,11483313.0
890,09/27/2016,0.0048,0.0049,0.003,0.0038,16105680.0
891,09/28/2016,0.0038,0.0049,0.0036,0.0045,21528462.0
892,09/29/2016,0.0046,0.0074,0.0045,0.0067,31022325.0
893,09/30/2016,0.0067,0.0111,0.0065,0.0108,65327039.0
894,10/03/2016,0.011000000000000001,0.0193,0.0109,0.0154,50296659.0
895,10/04/2016,0.0262,0.03,0.013999999999999999,0.03,41840886.0
896,10/05/2016,0.0316,0.0468,0.0261,0.044000000000000004,36984871.0
897,10/06/2016,0.048,0.073,0.035,0.0685,33882342.0
898,10/07/2016,0.0695,0.07400000000000001,0.0449,0.055,21466933.0
899,10/10/2016,0.0548,0.057,0.036000000000000004,0.0411,15799504.0
900,10/11/2016,0.0432,0.0475,0.0322,0.046,13057474.0
901,10/12/2016,0.052000000000000005,0.06,0.046,0.055,8358454.0
902,10/13/2016,0.057,0.059000000000000004,0.0386,0.043,12646140.0
903,10/14/2016,0.045,0.0515,0.0405,0.0452,5639842.0
904,10/17/2016,0.036000000000000004,0.059000000000000004,0.036000000000000004,0.0531,7208881.0
905,10/18/2016,0.0595,0.081,0.051,0.0783,11680307.0
906,10/19/2016,0.0815,0.09699999999999999,0.08,0.09699999999999999,12579870.0
907,10/20/2016,0.0955,0.191,0.095,0.1866,18459542.0
908,10/21/2016,0.1911,0.214,0.129,0.179,15434511.0
909,10/24/2016,0.1865,0.215,0.1352,0.2,12274347.0
910,10/25/2016,0.1946,0.205,0.1655,0.175,5071153.0
911,10/26/2016,0.1747,0.179,0.14,0.158,5348459.0
912,10/27/2016,0.1625,0.1675,0.127,0.136,6599545.0
913,10/28/2016,0.131,0.17,0.107,0.153,5755691.0
914,10/31/2016,0.1695,0.18,0.1602,0.17,3235492.0
915,11/01/2016,0.1715,0.17300000000000001,0.147,0.1628,2918818.0
916,11/02/2016,0.157,0.17,0.135,0.145,2697277.0
917,11/03/2016,0.165,0.1698,0.113,0.125,4723222.0
918,11/04/2016,0.10099999999999999,0.1399,0.0938,0.135,3726087.0
919,11/07/2016,0.145,0.159,0.135,0.1527,3097654.0
920,11/08/2016,0.15,0.153,0.125,0.1449,2159135.0
921,11/09/2016,0.155,0.1699,0.12,0.1299,1528904.0
922,11/10/2016,0.12,0.13699999999999998,0.0601,0.105,6431150.0
923,11/11/2016,0.11,0.13,0.075,0.12,2870782.0
924,11/14/2016,0.13,0.13,0.1097,0.1168,1393794.0
925,11/15/2016,0.11,0.134,0.095,0.0965,2090297.0
926,11/16/2016,0.0925,0.1,0.075,0.0905,4035921.0
927,11/17/2016,0.09,0.098,0.0844,0.085,1044995.0
928,11/18/2016,0.0895,0.1099,0.081,0.1,1705538.0
929,11/21/2016,0.105,0.134,0.1,0.11699999999999999,2810260.0
930,11/22/2016,0.1199,0.1199,0.086,0.10099999999999999,1834708.0
931,11/23/2016,0.105,0.105,0.0901,0.105,608641.0
932,11/25/2016,0.1195,0.1195,0.0901,0.1,684888.0
933,11/28/2016,0.1,0.102,0.0922,0.1,670703.0
934,11/29/2016,0.098,0.12,0.098,0.11,1073016.0
935,11/30/2016,0.115,0.115,0.1025,0.11,1110656.0
936,12/01/2016,0.109,0.113,0.095,0.11,661214.0
937,12/02/2016,0.11,0.11,0.094,0.095,915547.0
938,12/05/2016,0.1,0.11,0.096,0.1,644000.0
939,12/06/2016,0.105,0.105,0.0901,0.10099999999999999,658009.0
940,12/07/2016,0.0911,0.1035,0.0911,0.102,306180.0
941,12/08/2016,0.0941,0.1015,0.087,0.095,780833.0
942,12/09/2016,0.095,0.09699999999999999,0.09300000000000001,0.09699999999999999,483649.0
943,12/12/2016,0.095,0.10400000000000001,0.0901,0.1039,690244.0
944,12/13/2016,0.10400000000000001,0.10400000000000001,0.092,0.0989,398590.0
945,12/14/2016,0.09300000000000001,0.10400000000000001,0.0902,0.10300000000000001,588937.0
946,12/15/2016,0.09699999999999999,0.109,0.095,0.106,1161298.0
947,12/16/2016,0.1095,0.11,0.1001,0.109,644302.0
948,12/19/2016,0.11199999999999999,0.11199999999999999,0.105,0.109,802252.0
949,12/20/2016,0.11,0.11,0.1001,0.109,538504.0
950,12/21/2016,0.109,0.111,0.10300000000000001,0.1104,903601.0
951,12/22/2016,0.1077,0.125,0.1032,0.124,2243693.0
952,12/23/2016,0.13,0.1565,0.126,0.1539,3065586.0
953,12/27/2016,0.1602,0.18,0.1585,0.18,3029647.0
954,12/28/2016,0.1685,0.18,0.14,0.16399999999999998,2908918.0
955,12/29/2016,0.1655,0.16699999999999998,0.1402,0.16,728331.0
956,12/30/2016,0.16399999999999998,0.18899999999999997,0.155,0.17600000000000002,2330614.0
957,01/03/2017,0.1815,0.2199,0.1765,0.1799,4985781.0
958,01/04/2017,0.1825,0.1989,0.1665,0.17800000000000002,1354145.0
959,01/05/2017,0.18,0.18,0.165,0.16899999999999998,1243353.0
960,01/06/2017,0.1742,0.19399999999999998,0.16899999999999998,0.1845,1153666.0
961,01/09/2017,0.1965,0.2487,0.18899999999999997,0.24,4833421.0
962,01/10/2017,0.2455,0.2958,0.21,0.292,5486133.0
963,01/11/2017,0.289,0.414,0.261,0.37,10268449.0
964,01/12/2017,0.3845,0.40399999999999997,0.292,0.395,8565192.0
965,01/13/2017,0.3835,0.545,0.3835,0.535,7689706.0
966,01/17/2017,0.5395,0.95,0.511,0.6999,14752787.0
967,01/18/2017,0.7025,0.845,0.636,0.69,7438597.0
968,01/19/2017,0.685,0.7170000000000001,0.45,0.54,10013064.0
969,01/20/2017,0.545,0.65,0.48,0.63,5448944.0
970,01/23/2017,0.67,0.755,0.6679999999999999,0.74,3953185.0
971,01/24/2017,0.7625,0.79,0.65,0.7475,2439136.0
972,01/25/2017,0.74,0.7475,0.67,0.7,2059368.0
973,01/26/2017,0.695,0.71,0.635,0.67,2294925.0
974,01/27/2017,0.7055,0.73,0.6479,0.67,1448169.0
975,01/30/2017,0.6625,0.67,0.617,0.635,1833811.0
976,01/31/2017,0.6398,0.6446,0.49,0.599,2843311.0
977,02/01/2017,0.58,0.58,0.53,0.555,1591834.0
978,02/02/2017,0.545,0.6652,0.53,0.6652,2083716.0
979,02/03/2017,0.6875,0.737,0.665,0.6988,2432463.0
980,02/06/2017,0.7140000000000001,0.7165,0.63,0.669,1181925.0
981,02/07/2017,0.6745,0.6890000000000001,0.605,0.61,1149841.0
982,02/08/2017,0.612,0.62,0.555,0.5702,1158680.0
983,02/09/2017,0.55,0.65,0.5499,0.6,1398335.0
984,02/10/2017,0.625,0.66,0.5839,0.65,980420.0
985,02/13/2017,0.643,0.715,0.643,0.695,1318847.0
986,02/14/2017,0.71,0.72,0.677,0.69,1082981.0
987,02/15/2017,0.7,0.7,0.627,0.6439,1157494.0
988,02/16/2017,0.6565,0.7,0.6565,0.67,1239975.0
989,02/17/2017,0.7070000000000001,0.94,0.69,0.915,6767783.0
990,02/21/2017,1.045,2.1,1.04,2.09,14958559.0
991,02/22/2017,2.18,3.23,1.45,1.72,20378835.0
992,02/23/2017,1.64,2.14,1.45,1.86,6498403.0
993,02/24/2017,1.765,2.2,1.51,2.195,5195634.0
994,02/27/2017,2.455,3.05,2.45,2.7,9037576.0
995,02/28/2017,2.7,2.86,2.51,2.62,3857704.0
996,03/01/2017,2.665,2.68,1.9,2.06,6628650.0
997,03/02/2017,2.025,2.05,1.67,1.7,5904807.0
998,03/03/2017,1.71,1.8,1.06,1.36,12507194.0
999,03/06/2017,1.265,1.62,1.07,1.59,7242575.0
1000,03/07/2017,1.655,1.67,1.35,1.38,3653009.0
1001,03/08/2017,1.365,1.37,1.18,1.19,3118756.0
1002,03/09/2017,1.175,1.33,1.17,1.21,2560442.0
1003,03/10/2017,1.215,1.33,1.2,1.3,2220160.0
1004,03/13/2017,1.345,1.55,1.34,1.49,3943728.0
1005,03/14/2017,1.515,1.54,1.32,1.36,1676464.0
1006,03/15/2017,1.39,1.42,1.2,1.27,3139700.0
1007,03/16/2017,1.26,1.31,1.15,1.31,2337606.0
1008,03/17/2017,1.3,1.37,1.2753,1.29,1883919.0
1009,03/20/2017,1.33,1.34,1.2585,1.3,1174648.0
1010,03/21/2017,1.33,1.51,1.3,1.31,2677952.0
1011,03/22/2017,1.305,1.33,1.24,1.27,1235412.0
1012,03/23/2017,1.27,1.29,1.25,1.27,582651.0
1013,03/24/2017,1.285,1.3,1.25,1.28,778931.0
1014,03/27/2017,1.285,1.31,1.22,1.29,787970.0
1015,03/28/2017,1.29,1.32,1.22,1.26,911325.0
1016,03/29/2017,1.26,1.28,1.21,1.22,715176.0
1017,03/30/2017,1.215,1.25,1.12,1.14,1849666.0
1018,03/31/2017,1.135,1.15,0.96,1.11,3877750.0
1019,04/03/2017,1.065,1.09,0.98,1.01,2167280.0
1020,04/04/2017,0.96,0.99,0.9,0.9690000000000001,3385899.0
1021,04/05/2017,0.985,1.12,0.985,1.03,2722686.0
1022,04/06/2017,1.03,1.06,0.92,0.98,1868759.0
1023,04/07/2017,0.9675,0.98,0.88,0.88,1759251.0
1024,04/10/2017,0.8695,0.879,0.621,0.72,5536826.0
1025,04/11/2017,0.67,0.68,0.56,0.613,4263203.0
1026,04/12/2017,0.575,1.12,0.5501,1.09,10065499.0
1027,04/13/2017,1.19,1.37,0.86,0.89,8325686.0
1028,04/17/2017,0.89,1.07,0.87,0.9411,2452109.0
1029,04/18/2017,0.955,1.0,0.727,0.799,5145728.0
1030,04/19/2017,0.785,0.899,0.72,0.89,2216944.0
1031,04/20/2017,0.895,0.99,0.875,0.9690000000000001,2015457.0
1032,04/21/2017,0.96,1.09,0.96,1.036,1938661.0
1033,04/24/2017,1.06,1.14,0.97,1.07,2168246.0
1034,04/25/2017,1.05,1.1,0.971,1.0,1059085.0
1035,04/26/2017,0.9692,0.98,0.871,0.91,1310053.0
1036,04/27/2017,0.85,0.88,0.825,0.87,1395699.0
1037,04/28/2017,0.89,0.975,0.84,0.96,1153072.0
1038,05/01/2017,0.97,0.97,0.91,0.93,836027.0
1039,05/02/2017,0.9,0.925,0.86,0.875,878681.0
1040,05/03/2017,0.9,0.98,0.87,0.884,1172440.0
1041,05/04/2017,0.88,0.884,0.75,0.7699,2492773.0
1042,05/05/2017,0.7575,0.84,0.698,0.8125,1705256.0
1043,05/08/2017,0.8063,0.816,0.74,0.76,656960.0
1044,05/09/2017,0.7625,0.7708,0.7,0.73,1098940.0
1045,05/10/2017,0.705,0.725,0.66,0.69,1405343.0
1046,05/11/2017,0.6775,0.755,0.645,0.705,1443521.0
1047,05/12/2017,0.72,0.74,0.66,0.71,830783.0
1048,05/15/2017,0.7070000000000001,0.725,0.67,0.68,487467.0
1049,05/16/2017,0.6775,0.725,0.6709999999999999,0.695,501719.0
1050,05/17/2017,0.6829999999999999,0.72,0.6629999999999999,0.675,563302.0
1051,05/18/2017,0.6759999999999999,0.72,0.645,0.7,777415.0
1052,05/19/2017,0.705,0.715,0.672,0.68,436553.0
1053,05/22/2017,0.65,0.715,0.65,0.679,790074.0
1054,05/23/2017,0.675,0.679,0.63,0.67,818861.0
1055,05/24/2017,0.6675,0.67,0.63,0.637,679533.0
1056,05/25/2017,0.6385,0.67,0.6361,0.655,512156.0
1057,05/26/2017,0.6587,0.725,0.6502,0.6779999999999999,887741.0
1058,05/30/2017,0.679,0.7,0.66,0.677,508677.0
1059,05/31/2017,0.7225,0.765,0.715,0.72,1668446.0
1060,06/01/2017,0.7218,0.7325,0.68,0.705,430618.0
1061,06/02/2017,0.7057,0.7140000000000001,0.685,0.7089,327483.0
1062,06/05/2017,0.7049,0.7190000000000001,0.68,0.68,465466.0
1063,06/06/2017,0.6787,0.69,0.64,0.6452,534534.0
1064,06/07/2017,0.648,0.665,0.64,0.642,333346.0
1065,06/08/2017,0.64,0.665,0.625,0.64,474396.0
1066,06/09/2017,0.621,0.64,0.56,0.58,1229741.0
1067,06/12/2017,0.62,0.66,0.6,0.602,686702.0
1068,06/13/2017,0.612,0.615,0.585,0.6076,413874.0
1069,06/14/2017,0.609,0.609,0.5820000000000001,0.59,361610.0
1070,06/15/2017,0.5925,0.595,0.52,0.54,817193.0
1071,06/16/2017,0.54,0.65,0.53,0.6336,935450.0
1072,06/19/2017,0.6418,0.69,0.6335,0.67,1277795.0
1073,06/20/2017,0.6729999999999999,0.6729999999999999,0.62,0.6445,367417.0
1074,06/21/2017,0.64,0.649,0.59,0.6149,384797.0
1075,06/22/2017,0.619,0.65,0.6,0.65,559647.0
1076,06/23/2017,0.647,0.654,0.611,0.6531,357556.0
1077,06/26/2017,0.6501,0.6779999999999999,0.58,0.66,1081662.0
1078,06/27/2017,0.7051,0.85,0.685,0.6951,5490943.0
1079,06/28/2017,0.6975,0.7,0.6331,0.64,1109558.0
1080,06/29/2017,0.6375,0.64,0.6,0.6192,653845.0
1081,06/30/2017,0.625,0.63,0.591,0.62,630492.0
1082,07/03/2017,0.605,0.625,0.6,0.6093,322717.0
1083,07/05/2017,0.624,0.624,0.585,0.595,410783.0
1084,07/06/2017,0.6,0.609,0.575,0.596,376626.0
1085,07/07/2017,0.601,0.601,0.56,0.569,421774.0
1086,07/10/2017,0.5825,0.585,0.51,0.527,1178804.0
1087,07/11/2017,0.5235,0.5235,0.41,0.419,2989213.0
1088,07/12/2017,0.415,0.49,0.415,0.48,1977346.0
1089,07/13/2017,0.48,0.5039,0.4425,0.46,887680.0
1090,07/14/2017,0.465,0.47,0.43,0.455,702318.0
1091,07/17/2017,0.45,0.53,0.435,0.514,1521041.0
1092,07/18/2017,0.5125,0.525,0.46399999999999997,0.499,1058964.0
1093,07/19/2017,0.5,0.51,0.46,0.485,689472.0
1094,07/20/2017,0.4848,0.4945,0.461,0.47600000000000003,576478.0
1095,07/21/2017,0.4677,0.474,0.4301,0.452,684295.0
1096,07/24/2017,0.4475,0.455,0.3685,0.42,1492920.0
1097,07/25/2017,0.41,0.4269,0.376,0.405,1780871.0
1098,07/26/2017,0.39,0.405,0.37,0.38,1089817.0
1099,07/27/2017,0.377,0.379,0.305,0.342,3218725.0
1100,07/28/2017,0.3375,0.385,0.3116,0.3574,2005253.0
1101,07/31/2017,0.359,0.359,0.311,0.3223,1318988.0
1102,08/01/2017,0.3235,0.36,0.28,0.345,1836018.0
1103,08/02/2017,0.325,0.39899999999999997,0.325,0.38,1913570.0
1104,08/03/2017,0.36200000000000004,0.389,0.35,0.3635,732193.0
1105,08/04/2017,0.3635,0.3812,0.3501,0.3744,723007.0
1106,08/07/2017,0.38,0.384,0.315,0.33,729982.0
1107,08/08/2017,0.34,0.342,0.31,0.312,735635.0
1108,08/09/2017,0.313,0.34,0.31,0.34,641787.0
1109,08/10/2017,0.33899999999999997,0.3419,0.29,0.314,1661247.0
1110,08/11/2017,0.307,0.317,0.2965,0.3111,636966.0
1111,08/14/2017,0.3175,0.33,0.2835,0.3113,770042.0
1112,08/15/2017,0.305,0.33,0.29,0.32,718278.0
1113,08/16/2017,0.3175,0.38,0.3175,0.3745,1010247.0
1114,08/17/2017,0.375,0.377,0.321,0.34,714059.0
1115,08/18/2017,0.349,0.37,0.325,0.368,803570.0
1116,08/21/2017,0.358,0.37,0.316,0.316,1066730.0
1117,08/22/2017,0.319,0.33,0.29,0.305,1021121.0
1118,08/23/2017,0.31,0.319,0.29600000000000004,0.318,704829.0
1119,08/24/2017,0.3145,0.319,0.29600000000000004,0.319,841870.0
1120,08/25/2017,0.3145,0.3199,0.3008,0.315,483089.0
1121,08/28/2017,0.32,0.35,0.3001,0.305,1154231.0
1122,08/29/2017,0.319,0.319,0.29,0.295,673038.0
1123,08/30/2017,0.2944,0.2989,0.2601,0.27,993060.0
1124,08/31/2017,0.265,0.303,0.261,0.3,868887.0
1125,09/01/2017,0.3,0.306,0.278,0.299,353832.0
1126,09/05/2017,0.305,0.305,0.28600000000000003,0.2948,268851.0
1127,The data and information in this spreadsheet is provided to you solely for,,,,,
1128,your use and is not for distribution. The spreadsheet is provided for,,,,,
1129,"informational purposes only, and is not intended to provide advice, nor",,,,,
1130,"should it be construed as an offer to sell, a solicitation of an offer to buy",,,,,
1131,or a recommendation for any security by Fidelity or any third party. Data,,,,,
1132,and information shown is based on information known to Fidelity as of,,,,,
1133,the date it was exported and is subject to change. It should not be used in,,,,,
1134,place of your account statements or trade confirmations and is not,,,,,
1135,intended for tax reporting purposes. For more information on the data,,,,,
1136,"included in this spreadsheet, including any limitations thereof, go to",,,,,
1137,Fidelity.com.,,,,,
1138,,,,,,
1139,"Brokerage services are provided by Fidelity Brokerage Services LLC, 900",,,,,
1140,"Salem Street, Smithfield, RI 02917. Custody and other services provided",,,,,
1141,by National Financial Services LLC. Both are Fidelity Investment,,,,,
1142,"companies and members SIPC, NYSE.",,,,,
1143,,,,,,
1144,Date downloaded 09/05/2017 12:50 PM,,,,,
